--
-- PostgreSQL database dump
--

\restrict p4WyuuZMaBgZxLoGrksvIjpauyYnw90MbjaTXsiMDQpSR94N7vCJffZnOtOYM5v

-- Dumped from database version 18.0
-- Dumped by pg_dump version 18.0

-- Started on 2026-02-12 21:17:12

SET statement_timeout = 0;
SET lock_timeout = 0;
SET idle_in_transaction_session_timeout = 0;
SET transaction_timeout = 0;
SET client_encoding = 'UTF8';
SET standard_conforming_strings = on;
SELECT pg_catalog.set_config('search_path', '', false);
SET check_function_bodies = false;
SET xmloption = content;
SET client_min_messages = warning;
SET row_security = off;

--
-- TOC entry 4 (class 2615 OID 2200)
-- Name: public; Type: SCHEMA; Schema: -; Owner: pg_database_owner
--

CREATE SCHEMA public;


ALTER SCHEMA public OWNER TO pg_database_owner;

--
-- TOC entry 5073 (class 0 OID 0)
-- Dependencies: 4
-- Name: SCHEMA public; Type: COMMENT; Schema: -; Owner: pg_database_owner
--

COMMENT ON SCHEMA public IS 'standard public schema';


SET default_tablespace = '';

SET default_table_access_method = heap;

--
-- TOC entry 229 (class 1259 OID 16671)
-- Name: gen1_encounter_table; Type: TABLE; Schema: public; Owner: postgres
--

CREATE TABLE public.gen1_encounter_table (
    encounter_id bigint NOT NULL,
    location_id bigint NOT NULL,
    pokemon_id bigint NOT NULL,
    games text[] NOT NULL,
    environment character varying(255) NOT NULL,
    encounter_percentage real,
    level_min integer NOT NULL,
    level_max integer NOT NULL,
    area character varying(255)
);


ALTER TABLE public.gen1_encounter_table OWNER TO postgres;

--
-- TOC entry 230 (class 1259 OID 16695)
-- Name: gen1_encounter_table_encounter_id_seq; Type: SEQUENCE; Schema: public; Owner: postgres
--

ALTER TABLE public.gen1_encounter_table ALTER COLUMN encounter_id ADD GENERATED BY DEFAULT AS IDENTITY (
    SEQUENCE NAME public.gen1_encounter_table_encounter_id_seq
    START WITH 1
    INCREMENT BY 1
    NO MINVALUE
    NO MAXVALUE
    CACHE 1
);


--
-- TOC entry 223 (class 1259 OID 16446)
-- Name: gen1_learnset; Type: TABLE; Schema: public; Owner: postgres
--

CREATE TABLE public.gen1_learnset (
    pokemon_id bigint NOT NULL,
    move_id bigint NOT NULL,
    level_learned integer NOT NULL,
    is_yellow_only boolean NOT NULL,
    CONSTRAINT gen1_learnset_level_learned_check CHECK ((level_learned >= 1))
);


ALTER TABLE public.gen1_learnset OWNER TO postgres;

--
-- TOC entry 222 (class 1259 OID 16429)
-- Name: gen1_moves; Type: TABLE; Schema: public; Owner: postgres
--

CREATE TABLE public.gen1_moves (
    id bigint NOT NULL,
    name character varying(255) NOT NULL,
    type character varying(255) NOT NULL,
    category character varying(255) NOT NULL,
    power integer,
    accuracy integer,
    pp integer,
    yellow_only boolean
);


ALTER TABLE public.gen1_moves OWNER TO postgres;

--
-- TOC entry 221 (class 1259 OID 16428)
-- Name: gen1_moves_id_seq; Type: SEQUENCE; Schema: public; Owner: postgres
--

CREATE SEQUENCE public.gen1_moves_id_seq
    AS integer
    START WITH 1
    INCREMENT BY 1
    NO MINVALUE
    NO MAXVALUE
    CACHE 1;


ALTER SEQUENCE public.gen1_moves_id_seq OWNER TO postgres;

--
-- TOC entry 5074 (class 0 OID 0)
-- Dependencies: 221
-- Name: gen1_moves_id_seq; Type: SEQUENCE OWNED BY; Schema: public; Owner: postgres
--

ALTER SEQUENCE public.gen1_moves_id_seq OWNED BY public.gen1_moves.id;


--
-- TOC entry 228 (class 1259 OID 16610)
-- Name: gen1_places; Type: TABLE; Schema: public; Owner: postgres
--

CREATE TABLE public.gen1_places (
    location_id bigint NOT NULL,
    location_name character varying(255) NOT NULL
);


ALTER TABLE public.gen1_places OWNER TO postgres;

--
-- TOC entry 227 (class 1259 OID 16609)
-- Name: gen1_places_location_id_seq; Type: SEQUENCE; Schema: public; Owner: postgres
--

ALTER TABLE public.gen1_places ALTER COLUMN location_id ADD GENERATED ALWAYS AS IDENTITY (
    SEQUENCE NAME public.gen1_places_location_id_seq
    START WITH 1
    INCREMENT BY 1
    NO MINVALUE
    NO MAXVALUE
    CACHE 1
);


--
-- TOC entry 226 (class 1259 OID 16582)
-- Name: gen1_tm_learnsets; Type: TABLE; Schema: public; Owner: postgres
--

CREATE TABLE public.gen1_tm_learnsets (
    pokemon_id bigint NOT NULL,
    tm_id bigint NOT NULL,
    is_yellow_only boolean
);


ALTER TABLE public.gen1_tm_learnsets OWNER TO postgres;

--
-- TOC entry 225 (class 1259 OID 16566)
-- Name: gen1_tms; Type: TABLE; Schema: public; Owner: postgres
--

CREATE TABLE public.gen1_tms (
    tm_id integer NOT NULL,
    tm_name character varying(255) NOT NULL,
    move_fk bigint NOT NULL
);


ALTER TABLE public.gen1_tms OWNER TO postgres;

--
-- TOC entry 224 (class 1259 OID 16565)
-- Name: gen1_tms_tm_id_seq; Type: SEQUENCE; Schema: public; Owner: postgres
--

ALTER TABLE public.gen1_tms ALTER COLUMN tm_id ADD GENERATED ALWAYS AS IDENTITY (
    SEQUENCE NAME public.gen1_tms_tm_id_seq
    START WITH 1
    INCREMENT BY 1
    NO MINVALUE
    NO MAXVALUE
    CACHE 1
);


--
-- TOC entry 220 (class 1259 OID 16390)
-- Name: pokemon; Type: TABLE; Schema: public; Owner: postgres
--

CREATE TABLE public.pokemon (
    id bigint NOT NULL,
    name character varying(255) NOT NULL,
    type1 character varying(255) NOT NULL,
    type2 character varying(255),
    hp integer NOT NULL,
    attack integer NOT NULL,
    defense integer NOT NULL,
    special integer NOT NULL,
    speed integer NOT NULL
);


ALTER TABLE public.pokemon OWNER TO postgres;

--
-- TOC entry 219 (class 1259 OID 16389)
-- Name: pokemon_id_seq; Type: SEQUENCE; Schema: public; Owner: postgres
--

CREATE SEQUENCE public.pokemon_id_seq
    AS integer
    START WITH 1
    INCREMENT BY 1
    NO MINVALUE
    NO MAXVALUE
    CACHE 1;


ALTER SEQUENCE public.pokemon_id_seq OWNER TO postgres;

--
-- TOC entry 5075 (class 0 OID 0)
-- Dependencies: 219
-- Name: pokemon_id_seq; Type: SEQUENCE OWNED BY; Schema: public; Owner: postgres
--

ALTER SEQUENCE public.pokemon_id_seq OWNED BY public.pokemon.id;


--
-- TOC entry 4885 (class 2604 OID 16515)
-- Name: gen1_moves id; Type: DEFAULT; Schema: public; Owner: postgres
--

ALTER TABLE ONLY public.gen1_moves ALTER COLUMN id SET DEFAULT nextval('public.gen1_moves_id_seq'::regclass);


--
-- TOC entry 4884 (class 2604 OID 16404)
-- Name: pokemon id; Type: DEFAULT; Schema: public; Owner: postgres
--

ALTER TABLE ONLY public.pokemon ALTER COLUMN id SET DEFAULT nextval('public.pokemon_id_seq'::regclass);


--
-- TOC entry 5066 (class 0 OID 16671)
-- Dependencies: 229
-- Data for Name: gen1_encounter_table; Type: TABLE DATA; Schema: public; Owner: postgres
--

COPY public.gen1_encounter_table (encounter_id, location_id, pokemon_id, games, environment, encounter_percentage, level_min, level_max, area) FROM stdin;
1	52	17	{Yellow}	Walking	0.01	9	9	\N
2	52	10	{Red,Blue}	Walking	0.05	3	3	\N
3	52	11	{Red,Blue}	Walking	0.05	4	4	\N
4	52	25	{Red,Blue}	Walking	0.05	3	5	\N
5	52	11	{Yellow}	Walking	0.2	4	6	\N
6	52	16	{Yellow}	Walking	0.24	4	8	\N
7	52	14	{Red,Blue}	Walking	0.35	4	6	\N
8	52	13	{Red,Blue}	Walking	0.5	3	5	\N
9	52	10	{Yellow}	Walking	0.55	3	6	\N
10	51	60	{Red,Blue}	Good Rod	0.5	10	10	\N
11	51	118	{Red,Blue}	Good Rod	0.5	10	10	\N
12	51	60	{Yellow}	Good Rod	0.5	10	10	\N
13	51	118	{Yellow}	Good Rod	0.5	10	10	\N
14	51	60	{Red,Blue}	Super Rod	0.5	15	15	\N
15	51	72	{Red,Blue}	Super Rod	0.5	15	15	\N
16	51	129	{Red,Blue}	Old Rod	1	5	5	\N
17	51	129	{Yellow}	Old Rod	1	5	5	\N
18	51	60	{Yellow}	Super Rod	1	5	15	\N
19	50	75	{Red,Blue}	Walking	0.01	43	43	1F
20	50	105	{Red,Blue}	Walking	0.04	40	40	1F
21	50	42	{Red,Blue}	Walking	0.05	40	40	1F
22	50	67	{Red,Blue}	Walking	0.05	41	41	1F
23	50	67	{Yellow}	Walking	0.05	39	42	1F
24	50	95	{Yellow}	Walking	0.1	45	47	1F
25	50	41	{Yellow}	Walking	0.1	44	44	1F
26	50	42	{Yellow}	Walking	0.1	39	39	1F
27	50	75	{Yellow}	Walking	0.1	44	44	1F
28	50	41	{Red,Blue}	Walking	0.15	26	26	1F
29	50	74	{Red,Blue}	Walking	0.15	24	24	1F
30	50	66	{Red,Blue}	Walking	0.25	22	22	1F
31	50	95	{Red,Blue}	Walking	0.3	36	42	1F
32	50	74	{Yellow}	Walking	0.55	31	41	1F
33	50	105	{Red,Blue}	Walking	0.01	43	43	2F
34	50	67	{Red,Blue}	Walking	0.04	42	42	2F
35	50	42	{Red,Blue}	Walking	0.05	41	41	2F
36	50	75	{Red,Blue}	Walking	0.05	42	42	2F
37	50	95	{Yellow}	Walking	0.1	49	49	2F
38	50	67	{Yellow}	Walking	0.1	42	45	2F
39	50	41	{Red,Blue}	Walking	0.15	22	22	2F
40	50	74	{Red,Blue}	Walking	0.15	26	26	2F
41	50	42	{Yellow}	Walking	0.15	44	44	2F
42	50	75	{Yellow}	Walking	0.15	41	47	2F
43	50	66	{Red,Blue}	Walking	0.25	24	24	2F
44	50	95	{Red,Blue}	Walking	0.3	36	42	2F
45	50	74	{Yellow}	Walking	0.5	36	46	2F
46	50	146	{Yellow}	Interaction	\N	50	50	2F
47	50	42	{Red,Blue}	Walking	0.05	41	41	3F
48	50	67	{Red,Blue}	Walking	0.05	42	45	3F
49	50	75	{Red,Blue}	Walking	0.05	43	43	3F
50	50	75	{Yellow}	Walking	0.05	41	47	3F
51	50	49	{Red,Blue}	Walking	0.1	40	40	3F
52	50	95	{Yellow}	Walking	0.1	43	45	3F
53	50	41	{Red,Blue}	Walking	0.15	22	22	3F
54	50	74	{Red,Blue}	Walking	0.15	26	26	3F
55	50	95	{Red,Blue}	Walking	0.2	42	45	3F
56	50	41	{Yellow}	Walking	0.2	39	44	3F
57	50	66	{Red,Blue}	Walking	0.25	24	24	3F
58	50	74	{Yellow}	Walking	0.65	26	41	3F
59	50	146	{Red,Blue}	Interaction	\N	50	50	3F
60	49	90	{Yellow}	Super_rod	0.1	10	10	Harbor
61	49	120	{Yellow}	Super_rod	0.2	15	15	Harbor
62	49	60	{Red,Blue}	Good_rod	0.5	10	10	Harbor
63	49	118	{Red,Blue}	Good_rod	0.5	10	10	Harbor
64	49	60	{Yellow}	Good_rod	0.5	10	10	Harbor
65	49	118	{Yellow}	Good_rod	0.5	10	10	Harbor
66	49	90	{Red,Blue}	Super_rod	0.5	15	15	Harbor
67	49	98	{Red,Blue}	Super_rod	0.5	15	15	Harbor
68	49	72	{Yellow}	Super_rod	0.7	10	15	Harbor
69	49	129	{Red,Blue}	Old_rod	1	5	5	Harbor
70	49	129	{Yellow}	Old_rod	1	5	5	Harbor
71	49	116	{Yellow}	Super_rod	0.1	5	5	Main
72	49	60	{Red,Blue}	Good_rod	0.5	10	10	Main
73	49	118	{Red,Blue}	Good_rod	0.5	10	10	Main
74	49	60	{Yellow}	Good_rod	0.5	10	10	Main
75	49	118	{Yellow}	Good_rod	0.5	10	10	Main
76	49	90	{Red,Blue}	Super_rod	0.5	15	15	Main
77	49	98	{Red,Blue}	Super_rod	0.5	15	15	Main
78	49	72	{Yellow}	Super_rod	0.9	10	20	Main
79	49	129	{Red,Blue}	Old_rod	1	5	5	Main
80	49	129	{Yellow}	Old_rod	1	5	5	Main
81	45	131	{Red,Blue,Yellow}	Gift	\N	15	15	\N
82	44	55	{Red,Blue}	Walking	0.01	38	38	1F
83	44	54	{Red,Blue}	Walking	0.05	28	28	1F
84	44	42	{Red,Blue}	Walking	0.05	29	29	1F
85	44	42	{Yellow}	Walking	0.05	29	36	1F
86	44	41	{Red,Blue}	Walking	0.1	21	21	1F
87	44	79	{Red,Blue}	Walking	0.15	30	30	1F
88	44	79	{Yellow}	Walking	0.15	28	30	1F
89	44	90	{Red,Blue}	Walking	0.19	28	30	1F
90	44	116	{Red,Blue}	Walking	0.2	28	30	1F
91	44	86	{Red,Blue}	Walking	0.25	30	30	1F
92	44	98	{Yellow}	Walking	0.3	25	27	1F
93	44	41	{Yellow}	Walking	0.5	9	36	1F
94	44	99	{Yellow}	Super_rod	0.2	35	35	All
95	44	90	{Red,Blue}	Super_rod	0.25	15	15	All
96	44	116	{Red,Blue}	Super_rod	0.25	15	15	All
97	44	118	{Red,Blue}	Super_rod	0.25	15	15	All
98	44	120	{Red,Blue}	Super_rod	0.25	15	15	All
99	44	120	{Yellow}	Super_rod	0.4	20	40	All
100	44	98	{Yellow}	Super_rod	0.4	25	25	All
101	44	60	{Red,Blue}	Good_rod	0.5	10	10	All
102	44	118	{Red,Blue}	Good_rod	0.5	10	10	All
103	44	60	{Yellow}	Good_rod	0.5	10	10	All
104	44	118	{Yellow}	Good_rod	0.5	10	10	All
105	44	129	{Red,Blue}	Old_rod	1	5	5	All
106	44	129	{Yellow}	Old_rod	1	5	5	All
107	44	117	{Red,Blue}	Walking	0.01	37	37	B1F
108	44	87	{Red,Blue}	Walking	0.04	38	38	B1F
109	44	86	{Yellow}	Walking	0.05	22	26	B1F
110	44	99	{Yellow}	Walking	0.05	28	28	B1F
111	44	42	{Yellow}	Walking	0.1	27	27	B1F
112	44	79	{Yellow}	Walking	0.1	29	29	B1F
113	44	120	{Red,Blue}	Walking	0.15	30	30	B1F
114	44	86	{Red,Blue}	Walking	0.15	28	30	B1F
115	44	79	{Red,Blue}	Walking	0.15	28	30	B1F
116	44	116	{Red,Blue}	Walking	0.25	30	32	B1F
117	44	90	{Red,Blue}	Walking	0.25	30	30	B1F
118	44	98	{Yellow}	Walking	0.25	26	28	B1F
119	44	41	{Yellow}	Walking	0.45	18	36	B1F
120	44	144	{Red,Blue,Yellow}	Interaction	\N	50	50	B4F
121	43	106	{Red,Blue,Yellow}	Gift	\N	30	30	\N
122	43	107	{Red,Blue,Yellow}	Gift	\N	30	30	\N
123	42	113	{Red,Blue}	Walking	0.01	23	23	Area1
124	42	113	{Yellow}	Walking	0.01	7	7	Area1
125	42	123	{Red}	Walking	0.04	23	23	Area1
126	42	127	{Blue}	Walking	0.04	23	23	Area1
127	42	114	{Yellow}	Walking	0.04	22	22	Area1
128	42	30	{Red}	Walking	0.05	31	31	Area1
129	42	47	{Red,Blue}	Walking	0.05	30	30	Area1
130	42	33	{Blue}	Walking	0.05	31	31	Area1
131	42	46	{Yellow}	Walking	0.05	27	27	Area1
132	42	148	{Yellow}	Super_rod	0.1	15	15	Area1
133	42	33	{Red}	Walking	0.1	31	31	Area1
134	42	30	{Blue}	Walking	0.1	31	31	Area1
135	42	111	{Yellow}	Walking	0.1	20	20	Area1
136	42	33	{Yellow}	Walking	0.1	23	23	Area1
137	42	111	{Red,Blue}	Walking	0.15	25	25	Area1
138	42	48	{Red,Blue}	Walking	0.15	22	22	Area1
139	42	29	{Yellow}	Walking	0.15	36	36	Area1
140	42	102	{Yellow}	Walking	0.15	24	24	Area1
141	42	47	{Yellow}	Walking	0.15	27	32	Area1
142	42	147	{Yellow}	Super_rod	0.2	10	10	Area1
143	42	102	{Red,Blue}	Walking	0.2	24	25	Area1
144	42	54	{Red,Blue}	Super_rod	0.25	15	15	Area1
145	42	79	{Red,Blue}	Super_rod	0.25	15	15	Area1
146	42	98	{Red,Blue}	Super_rod	0.25	15	15	Area1
147	42	147	{Red,Blue}	Super_rod	0.25	15	15	Area1
148	42	32	{Red}	Walking	0.25	22	22	Area1
149	42	29	{Blue}	Walking	0.25	22	22	Area1
150	42	32	{Yellow}	Walking	0.25	14	14	Area1
151	42	60	{Red,Blue,Yellow}	Good_rod	0.5	10	10	Area1
152	42	118	{Red,Blue,Yellow}	Good_rod	0.5	10	10	Area1
153	42	129	{Yellow}	Super_rod	0.7	5	10	Area1
154	42	129	{Red,Blue,Yellow}	Old_rod	1	5	5	Area1
155	42	123	{Red}	Walking	0.01	28	28	Area2
156	42	127	{Blue}	Walking	0.01	28	28	Area2
157	42	123	{Yellow}	Walking	0.01	15	15	Area2
158	42	115	{Red,Blue}	Walking	0.04	25	25	Area2
159	42	113	{Yellow}	Walking	0.04	21	21	Area2
160	42	29	{Red,Blue}	Walking	0.05	24	24	Area2
161	42	47	{Red,Blue}	Walking	0.05	25	25	Area2
162	42	105	{Yellow}	Walking	0.05	24	24	Area2
163	42	147	{Yellow}	Super_rod	0.1	15	15	Area2
164	42	33	{Red,Blue}	Walking	0.1	33	33	Area2
165	42	30	{Yellow}	Walking	0.1	32	32	Area2
166	42	104	{Yellow}	Walking	0.1	19	19	Area2
167	42	128	{Yellow}	Walking	0.1	21	21	Area2
168	42	46	{Red,Blue}	Walking	0.15	22	22	Area2
169	42	84	{Red,Blue}	Walking	0.15	26	26	Area2
170	42	29	{Yellow}	Walking	0.15	29	29	Area2
171	42	102	{Red,Blue}	Walking	0.2	23	25	Area2
172	42	102	{Yellow}	Walking	0.2	22	26	Area2
173	42	54	{Red,Blue}	Super_rod	0.25	15	15	Area2
174	42	79	{Red,Blue}	Super_rod	0.25	15	15	Area2
175	42	98	{Red,Blue}	Super_rod	0.25	15	15	Area2
176	42	147	{Red,Blue}	Super_rod	0.25	15	15	Area2
177	42	32	{Red,Blue}	Walking	0.25	24	24	Area2
178	42	32	{Yellow}	Walking	0.25	21	21	Area2
179	42	60	{Red,Blue,Yellow}	Good_rod	0.5	10	10	Area2
180	42	118	{Red,Blue,Yellow}	Good_rod	0.5	10	10	Area2
181	42	129	{Yellow}	Super_rod	0.9	5	15	Area2
182	42	129	{Red,Blue,Yellow}	Old_rod	1	5	5	Area2
183	42	128	{Red,Blue}	Walking	0.01	28	28	Area3
184	42	127	{Yellow}	Walking	0.01	15	15	Area3
185	42	113	{Red,Blue}	Walking	0.04	26	26	Area3
186	42	123	{Yellow}	Walking	0.04	25	25	Area3
187	42	30	{Red,Blue}	Walking	0.05	30	30	Area3
188	42	49	{Red,Blue}	Walking	0.05	32	32	Area3
189	42	104	{Yellow}	Walking	0.05	16	16	Area3
190	42	147	{Yellow}	Super_rod	0.1	15	15	Area3
191	42	33	{Red,Blue}	Walking	0.1	30	30	Area3
192	42	111	{Yellow}	Walking	0.1	25	25	Area3
193	42	30	{Yellow}	Walking	0.1	23	23	Area3
194	42	46	{Red,Blue}	Walking	0.15	23	23	Area3
195	42	111	{Red,Blue}	Walking	0.15	26	26	Area3
196	42	29	{Yellow}	Walking	0.15	14	14	Area3
197	42	102	{Yellow}	Walking	0.15	20	20	Area3
198	42	115	{Yellow}	Walking	0.15	28	33	Area3
199	42	102	{Red,Blue}	Walking	0.2	25	27	Area3
200	42	54	{Red,Blue}	Super_rod	0.25	15	15	Area3
201	42	79	{Red,Blue}	Super_rod	0.25	15	15	Area3
202	42	98	{Red,Blue}	Super_rod	0.25	15	15	Area3
203	42	147	{Red,Blue}	Super_rod	0.25	15	15	Area3
204	42	32	{Red}	Walking	0.25	22	22	Area3
205	42	29	{Blue}	Walking	0.25	22	22	Area3
206	42	32	{Yellow}	Walking	0.25	36	36	Area3
207	42	60	{Red,Blue,Yellow}	Good_rod	0.5	10	10	Area3
208	42	118	{Red,Blue,Yellow}	Good_rod	0.5	10	10	Area3
209	42	129	{Yellow}	Super_rod	0.9	5	15	Area3
210	42	129	{Red,Blue,Yellow}	Old_rod	1	5	5	Area3
211	42	115	{Red,Blue}	Walking	0.01	28	28	Area4
212	42	114	{Yellow}	Walking	0.01	27	27	Area4
213	42	128	{Red,Blue}	Walking	0.04	26	26	Area4
214	42	127	{Yellow}	Walking	0.04	25	25	Area4
215	42	29	{Red,Blue}	Walking	0.05	25	25	Area4
216	42	49	{Red,Blue}	Walking	0.05	31	31	Area4
217	42	105	{Yellow}	Walking	0.05	24	24	Area4
218	42	147	{Yellow}	Super_rod	0.1	15	15	Area4
219	42	33	{Red,Blue}	Walking	0.1	33	33	Area4
220	42	33	{Yellow}	Walking	0.1	32	32	Area4
221	42	104	{Yellow}	Walking	0.1	19	19	Area4
222	42	128	{Yellow}	Walking	0.1	21	21	Area4
223	42	48	{Red,Blue}	Walking	0.15	23	23	Area4
224	42	84	{Red,Blue}	Walking	0.15	26	26	Area4
225	42	29	{Yellow}	Walking	0.15	21	21	Area4
226	42	102	{Red,Blue}	Walking	0.2	24	26	Area4
227	42	102	{Yellow}	Walking	0.2	22	26	Area4
228	42	54	{Red,Blue}	Super_rod	0.25	15	15	Area4
229	42	79	{Red,Blue}	Super_rod	0.25	15	15	Area4
230	42	98	{Red,Blue}	Super_rod	0.25	15	15	Area4
231	42	147	{Red,Blue}	Super_rod	0.25	15	15	Area4
232	42	32	{Red,Blue}	Walking	0.25	25	25	Area4
233	42	32	{Yellow}	Walking	0.25	29	29	Area4
234	42	60	{Red,Blue,Yellow}	Good_rod	0.5	10	10	Area4
235	42	118	{Red,Blue,Yellow}	Good_rod	0.5	10	10	Area4
236	42	129	{Yellow}	Super_rod	0.9	5	15	Area4
237	42	129	{Red,Blue,Yellow}	Old_rod	1	5	5	Area4
238	40	41	{Red,Blue}	Walking	0.55	15	18	1F
239	40	95	{Red,Blue}	Walking	0.05	13	15	1F\r\n
240	40	66	{Yellow}	Walking	0.1	17	21	1F\r\n
241	40	66	{Red,Blue}	Walking	0.15	15	17	1F\r\n
242	40	74	{Red,Blue}	Walking	0.25	16	17	1F\r\n
243	40	74	{Yellow}	Walking	0.35	16	20	1F\r\n
244	40	41	{Yellow}	Walking	0.55	15	21	1F\r\n
245	40	41	{Red,Blue}	Walking	0.5	16	18	B1F
246	40	95	{Red,Blue}	Walking	0.09	13	15	B1F\r\n
247	40	95	{Yellow}	Walking	0.1	14	22	B1F\r\n
248	40	66	{Red,Blue}	Walking	0.15	15	17	B1F\r\n
249	40	66	{Yellow}	Walking	0.2	18	20	B1F\r\n
250	40	74	{Yellow}	Walking	0.25	17	21	B1F\r\n
251	40	74	{Red,Blue}	Walking	0.26	16	18	B1F\r\n
252	40	41	{Yellow}	Walking	0.45	20	22	B1F\r\n
253	39	26	{Red,Blue}	Walking	0.05	33	36	\N
254	39	89	{Yellow}	Walking	0.05	33	37	\N
255	39	82	{Red,Blue}	Walking	0.1	32	35	\N
256	39	88	{Yellow}	Walking	0.15	33	37	\N
257	39	100	{Yellow}	Walking	0.2	33	37	\N
258	39	82	{Yellow}	Walking	0.2	33	38	\N
259	39	25	{Red,Blue}	Walking	0.25	20	24	\N
260	39	81	{Red,Blue}	Walking	0.25	21	23	\N
261	39	100	{Red,Blue}	Walking	0.35	21	23	\N
262	39	81	{Yellow}	Walking	0.4	30	35	\N
263	39	145	{Red,Blue,Yellow}	Interaction	\N	50	50	\N
264	38	93	{Red,Blue}	Walking	0.01	25	25	3F
265	38	93	{Yellow}	Walking	0.05	20	25	3F
266	38	104	{Red,Blue}	Walking	0.09	20	22	3F
267	38	92	{Red,Blue}	Walking	0.9	18	24	3F
268	38	92	{Yellow}	Walking	0.95	18	25	3F
269	38	93	{Red,Blue}	Walking	0.05	25	25	4F
270	38	93	{Yellow}	Walking	0.05	20	25	4F
271	38	104	{Red,Blue}	Walking	0.09	20	22	4F
272	38	92	{Red,Blue}	Walking	0.86	18	24	4F
273	38	92	{Yellow}	Walking	0.95	18	25	4F
274	38	93	{Red,Blue}	Walking	0.05	25	25	5F
275	38	104	{Yellow}	Walking	0.05	20	20	5F
276	38	93	{Yellow}	Walking	0.05	22	27	5F
277	38	104	{Red,Blue}	Walking	0.09	20	22	5F
278	38	92	{Red,Blue}	Walking	0.86	18	24	5F
279	38	92	{Yellow}	Walking	0.9	21	27	5F
280	38	93	{Red,Blue}	Walking	0.05	25	25	6F
281	38	104	{Yellow}	Walking	0.05	20	20	6F
282	38	93	{Yellow}	Walking	0.05	22	27	6F
283	38	104	{Red,Blue}	Walking	0.09	20	22	6F
284	38	92	{Red,Blue}	Walking	0.86	18	24	6F
285	38	92	{Yellow}	Walking	0.9	21	27	6F
286	38	104	{Yellow}	Walking	0.05	24	24	7F
287	38	93	{Yellow}	Walking	0.05	24	29	7F
288	38	104	{Red,Blue}	Walking	0.1	22	24	7F
289	38	93	{Red,Blue}	Walking	0.15	28	30	7F
290	38	92	{Red,Blue}	Walking	0.75	20	24	7F
291	38	92	{Yellow}	Walking	0.9	23	29	7F
292	37	89	{Red}	Walking	0.01	39	39	1F
293	37	110	{Red}	Walking	0.04	37	37	1F
294	37	88	{Red}	Walking	0.05	30	30	1F
295	37	58	{Red}	Walking	0.1	34	34	1F
296	37	37	{Blue}	Walking	0.1	34	34	1F
297	37	88	{Yellow}	Walking	0.2	23	26	1F
298	37	58	{Yellow}	Walking	0.2	26	38	1F
299	37	19	{Yellow}	Walking	0.3	34	37	1F
300	37	20	{Yellow}	Walking	0.3	34	37	1F
301	37	77	{Red,Blue}	Walking	0.4	28	34	1F
302	37	109	{Red,Blue}	Walking	0.4	30	32	1F
303	37	89	{Red}	Walking	0.01	37	37	2F
304	37	110	{Red}	Walking	0.04	39	39	2F
305	37	88	{Red}	Walking	0.05	30	30	2F
306	37	89	{Yellow}	Walking	0.05	35	38	2F
307	37	58	{Red}	Walking	0.25	32	32	2F
308	37	77	{Red}	Walking	0.25	28	32	2F
309	37	37	{Blue}	Walking	0.25	32	32	2F
310	37	20	{Yellow}	Walking	0.25	37	40	2F
311	37	19	{Yellow}	Walking	0.3	37	40	2F
312	37	88	{Yellow}	Walking	0.3	26	35	2F
313	37	109	{Red,Blue}	Walking	0.4	30	34	2F
314	37	89	{Red}	Walking	0.01	42	42	3F
315	37	88	{Red}	Walking	0.05	34	34	3F
316	37	89	{Yellow}	Walking	0.05	38	41	3F
317	37	126	{Blue}	Walking	0.1	34	34	3F
318	37	58	{Red}	Walking	0.15	33	33	3F
319	37	110	{Red}	Walking	0.15	38	40	3F
320	37	77	{Red}	Walking	0.24	32	36	3F
321	37	20	{Yellow}	Walking	0.25	40	43	3F
322	37	19	{Yellow}	Walking	0.3	40	43	3F
323	37	88	{Yellow}	Walking	0.3	32	38	3F
324	37	109	{Red}	Walking	0.4	31	35	3F
325	37	89	{Red}	Walking	0.01	42	42	B1F
326	37	126	{Blue}	Walking	0.04	38	38	B1F
327	37	88	{Red}	Walking	0.05	35	35	B1F
328	37	132	{Yellow}	Walking	0.1	12	24	B1F
329	37	89	{Yellow}	Walking	0.1	41	41	B1F
330	37	110	{Red}	Walking	0.14	40	42	B1F
331	37	58	{Red}	Walking	0.15	35	35	B1F
332	37	77	{Red}	Walking	0.15	32	34	B1F
333	37	20	{Yellow}	Walking	0.4	37	46	B1F
334	37	88	{Yellow}	Walking	0.4	35	38	B1F
335	37	109	{Red}	Walking	0.5	31	33	B1F
336	35	72	{Yellow}	Super_rod	0.4	10	20	\N
337	35	60	{Red,Blue,Yellow}	Good_rod	0.5	10	10	\N
338	35	118	{Red,Blue,Yellow}	Good_rod	0.5	10	10	\N
339	35	60	{Red,Blue}	Super_rod	0.5	15	15	\N
340	35	72	{Red,Blue}	Super_rod	0.5	15	15	\N
341	35	120	{Yellow}	Super_rod	0.6	5	10	\N
342	35	129	{Red,Blue,Yellow}	Old_rod	1	5	5	\N
343	35	1	{Red,Blue}	Gift	\N	5	5	\N
344	35	4	{Red,Blue}	Gift	\N	5	5	\N
345	35	7	{Red,Blue}	Gift	\N	5	5	\N
346	35	25	{Yellow}	Gift	\N	5	5	\N
347	34	35	{Red,Blue}	Walking	0.01	8	8	1F
348	34	35	{Yellow}	Walking	0.01	11	11	1F
349	34	27	{Yellow}	Walking	0.04	12	12	1F
350	34	46	{Red,Blue}	Walking	0.05	8	8	1F
351	34	74	{Red,Blue}	Walking	0.15	8	10	1F
352	34	74	{Yellow}	Walking	0.2	10	10	1F
353	34	41	{Yellow}	Walking	0.75	6	11	1F
354	34	41	{Red,Blue}	Walking	0.79	6	11	1F
355	34	35	{Red,Blue}	Walking	0.04	9	9	B1F
356	34	35	{Yellow}	Walking	0.05	10	12	B1F
357	34	46	{Red,Blue}	Walking	0.1	10	10	B1F
358	34	46	{Yellow}	Walking	0.1	9	11	B1F
359	34	74	{Yellow}	Walking	0.2	10	11	B1F
360	34	74	{Red,Blue}	Walking	0.26	7	9	B1F
361	34	41	{Red,Blue}	Walking	0.6	7	11	B1F
362	34	41	{Yellow}	Walking	0.65	8	11	B1F
363	34	35	{Red,Blue}	Walking	0.06	10	12	B2F
364	34	35	{Yellow}	Walking	0.1	9	13	B2F
365	34	46	{Red,Blue}	Walking	0.15	10	12	B2F
366	34	74	{Yellow}	Walking	0.15	11	11	B2F
367	34	46	{Yellow}	Walking	0.15	13	13	B2F
368	34	74	{Red,Blue}	Walking	0.25	9	10	B2F
369	34	41	{Red,Blue}	Walking	0.54	9	12	B2F
370	34	41	{Yellow}	Walking	0.6	10	13	B2F
371	31	130	{Yellow}	Super_rod	0.1	15	15	\N
372	31	98	{Red,Blue}	Super_rod	0.25	15	15	\N
373	31	118	{Red,Blue}	Super_rod	0.25	15	15	\N
374	31	119	{Red,Blue}	Super_rod	0.25	23	23	\N
375	31	129	{Red,Blue}	Super_rod	0.25	15	15	\N
376	31	60	{Red,Blue,Yellow}	Good_rod	0.5	10	10	\N
377	31	118	{Red,Blue,Yellow}	Good_rod	0.5	10	10	\N
378	31	129	{Yellow}	Super_rod	0.9	5	15	\N
379	31	129	{Red,Blue,Yellow}	Old_rod	1	5	5	\N
380	30	51	{Red,Blue,Yellow}	Walking	0.05	29	31	1F
381	30	50	{Red,Blue,Yellow}	Walking	0.95	15	22	1F
382	30	51	{Red,Blue,Yellow}	Walking	0.05	29	31	B1F
383	30	50	{Red,Blue,Yellow}	Walking	0.95	15	22	B1F
384	29	60	{Red,Blue,Yellow}	Good_rod	0.5	10	10	\N
385	29	118	{Red,Blue,Yellow}	Good_rod	0.5	10	10	\N
386	29	61	{Red,Blue}	Super_rod	0.5	23	23	\N
387	29	79	{Red,Blue}	Super_rod	0.5	15	15	\N
388	29	129	{Red,Blue,Yellow}	Old_rod	1	5	5	\N
389	29	118	{Yellow}	Super_rod	1	5	20	\N
390	29	63	{Red}	Game_corner	\N	6	6	\N
391	29	35	{Red}	Game_corner	\N	12	12	\N
392	29	30	{Red}	Game_corner	\N	17	17	\N
393	29	123	{Red}	Game_corner	\N	20	20	\N
394	29	147	{Red}	Game_corner	\N	24	24	\N
395	29	137	{Red}	Game_corner	\N	18	18	\N
396	29	63	{Blue}	Game_corner	\N	6	6	\N
397	29	35	{Blue}	Game_corner	\N	12	12	\N
398	29	33	{Blue}	Game_corner	\N	17	17	\N
399	29	127	{Blue}	Game_corner	\N	20	20	\N
400	29	147	{Blue}	Game_corner	\N	24	24	\N
401	29	137	{Blue}	Game_corner	\N	18	18	\N
402	29	63	{Yellow}	Game_corner	\N	15	15	\N
403	29	37	{Yellow}	Game_corner	\N	18	18	\N
404	29	40	{Yellow}	Game_corner	\N	22	22	\N
405	29	123	{Yellow}	Game_corner	\N	30	30	\N
406	29	127	{Yellow}	Game_corner	\N	30	30	\N
407	29	137	{Yellow}	Game_corner	\N	26	26	\N
408	29	133	{Red,Blue,Yellow}	Gift	\N	25	25	\N
409	28	90	{Red,Blue}	Super_rod	0.25	15	15	\N
410	28	116	{Red,Blue}	Super_rod	0.25	15	15	\N
411	28	118	{Red,Blue}	Super_rod	0.25	15	15	\N
412	28	120	{Red,Blue}	Super_rod	0.25	15	15	\N
413	28	72	{Yellow}	Super_rod	0.4	15	30	\N
414	28	60	{Red,Blue,Yellow}	Good_rod	0.5	10	10	\N
415	28	118	{Red,Blue,Yellow}	Good_rod	0.5	10	10	\N
416	28	120	{Yellow}	Super_rod	0.6	10	15	\N
417	28	129	{Red,Blue,Yellow}	Old_rod	1	5	5	\N
418	28	140	{Red,Blue,Yellow}	Gift	\N	30	30	\N
419	28	138	{Red,Blue,Yellow}	Gift	\N	30	30	\N
420	28	142	{Red,Blue,Yellow}	Gift	\N	30	30	\N
421	27	119	{Yellow}	Super_rod	0.3	30	40	Main
422	27	54	{Red,Blue}	Super_rod	0.33	15	15	Main
423	27	98	{Red,Blue}	Super_rod	0.33	15	15	Main
424	27	118	{Red,Blue}	Super_rod	0.33	15	15	Main
425	27	60	{Red,Blue,Yellow}	Good_rod	0.5	10	10	Main
426	27	118	{Red,Blue,Yellow}	Good_rod	0.5	10	10	Main
427	27	118	{Yellow}	Super_rod	0.7	25	30	Main
428	27	129	{Red,Blue,Yellow}	Old_rod	1	5	5	Main
429	26	132	{Red,Blue}	Walking	0.01	53	53	1F
430	26	26	{Red,Blue}	Walking	0.04	53	53	1F
431	26	47	{Red,Blue}	Walking	0.05	52	52	1F
432	26	64	{Red,Blue}	Walking	0.05	49	49	1F
433	26	49	{Yellow}	Walking	0.05	54	54	1F
434	26	47	{Yellow}	Walking	0.05	54	54	1F
435	26	132	{Yellow}	Walking	0.05	55	60	1F
436	26	24	{Red}	Walking	0.1	52	52	1F
437	26	28	{Blue}	Walking	0.1	52	52	1F
438	26	49	{Red,Blue}	Walking	0.1	49	49	1F
439	26	85	{Red,Blue}	Walking	0.1	49	49	1F
440	26	28	{Yellow}	Walking	0.1	52	52	1F
441	26	44	{Yellow}	Walking	0.1	55	55	1F
442	26	70	{Yellow}	Walking	0.1	55	55	1F
443	26	82	{Red,Blue}	Walking	0.15	46	46	1F
444	26	97	{Red,Blue}	Walking	0.15	46	46	1F
445	26	75	{Yellow}	Walking	0.15	45	45	1F
446	26	42	{Red,Blue}	Walking	0.25	46	46	1F
447	26	42	{Yellow}	Walking	0.4	50	55	1F
448	26	40	{Red,Blue}	Walking	0.05	54	54	2F
449	26	113	{Red,Blue}	Walking	0.05	56	56	2F
450	26	132	{Red,Blue}	Walking	0.05	55	60	2F
451	26	112	{Yellow}	Walking	0.05	58	60	2F
452	26	44	{Yellow}	Walking	0.05	58	58	2F
453	26	70	{Yellow}	Walking	0.05	58	58	2F
454	26	101	{Red,Blue}	Walking	0.1	52	52	2F
455	26	105	{Red,Blue}	Walking	0.1	52	52	2F
456	26	112	{Red,Blue}	Walking	0.1	52	52	2F
457	26	132	{Yellow}	Walking	0.1	60	60	2F
458	26	28	{Yellow}	Walking	0.1	56	56	2F
459	26	111	{Yellow}	Walking	0.1	50	50	2F
460	26	49	{Red,Blue}	Walking	0.15	51	51	2F
461	26	64	{Red,Blue}	Walking	0.15	51	51	2F
462	26	75	{Yellow}	Walking	0.15	50	50	2F
463	26	85	{Red,Blue}	Walking	0.25	51	51	2F
464	26	42	{Yellow}	Walking	0.4	52	57	2F
465	26	80	{Red,Blue}	Super_rod	0.25	23	23	All
466	26	99	{Red,Blue}	Super_rod	0.25	23	23	All
467	26	117	{Red,Blue}	Super_rod	0.25	23	23	All
468	26	119	{Red,Blue}	Super_rod	0.25	23	23	All
469	26	118	{Yellow}	Super_rod	0.4	25	25	All
470	26	60	{Red,Blue,Yellow}	Good_rod	0.5	10	10	All
471	26	118	{Red,Blue,Yellow}	Good_rod	0.5	10	10	All
472	26	119	{Yellow}	Super_rod	0.6	35	55	All
473	26	129	{Red,Blue,Yellow}	Old_rod	1	5	5	All
474	26	24	{Red}	Walking	0.05	57	57	B1F
475	26	28	{Blue}	Walking	0.05	57	57	B1F
476	26	113	{Yellow}	Walking	0.05	56	56	B1F
477	26	108	{Yellow}	Walking	0.05	50	55	B1F
478	26	26	{Red,Blue}	Walking	0.1	64	64	B1F
479	26	47	{Red,Blue}	Walking	0.1	64	64	B1F
480	26	113	{Red,Blue}	Walking	0.1	64	64	B1F
481	26	132	{Red,Blue}	Walking	0.1	63	67	B1F
482	26	112	{Yellow}	Walking	0.1	62	62	B1F
483	26	111	{Yellow}	Walking	0.1	52	52	B1F
484	26	101	{Red,Blue}	Walking	0.15	55	55	B1F
485	26	105	{Red,Blue}	Walking	0.15	55	55	B1F
486	26	132	{Yellow}	Walking	0.15	60	65	B1F
487	26	75	{Yellow}	Walking	0.15	55	55	B1F
488	26	112	{Red,Blue}	Walking	0.25	55	55	B1F
489	26	42	{Yellow}	Walking	0.4	54	59	B1F
490	26	150	{Red,Blue,Yellow}	Interaction	\N	70	70	\N
491	25	10	{Red}	Walking	0.01	8	8	\N
492	25	13	{Blue}	Walking	0.01	8	8	\N
493	25	17	{Yellow}	Walking	0.01	17	17	\N
494	25	11	{Red}	Walking	0.04	7	7	\N
495	25	14	{Blue}	Walking	0.04	7	7	\N
496	25	48	{Yellow}	Walking	0.1	13	16	\N
497	25	14	{Red}	Walking	0.15	9	9	\N
498	25	16	{Red}	Walking	0.15	13	13	\N
499	25	63	{Red}	Walking	0.15	10	12	\N
500	25	11	{Blue}	Walking	0.15	9	9	\N
501	25	16	{Blue}	Walking	0.15	13	13	\N
502	25	63	{Blue}	Walking	0.15	10	12	\N
503	25	13	{Red}	Walking	0.25	8	8	\N
504	25	43	{Red}	Walking	0.25	12	14	\N
505	25	10	{Blue}	Walking	0.25	8	8	\N
506	25	69	{Blue}	Walking	0.25	12	14	\N
507	25	69	{Yellow}	Walking	0.25	12	14	\N
508	25	16	{Yellow}	Walking	0.29	13	17	\N
509	25	99	{Yellow}	Super_rod	0.3	15	25	\N
510	25	54	{Red,Blue}	Super_rod	0.33	15	15	\N
511	25	98	{Red,Blue}	Super_rod	0.33	15	15	\N
512	25	98	{Red,Blue}	Super_rod	0.33	15	15	\N
513	25	43	{Yellow}	Walking	0.35	12	14	\N
514	25	60	{Red,Blue,Yellow}	Good_rod	0.5	10	10	\N
515	25	118	{Red,Blue,Yellow}	Good_rod	0.5	10	10	\N
516	25	98	{Yellow}	Super_rod	0.7	10	15	\N
517	25	129	{Red,Blue,Yellow}	Old_rod	1	5	5	\N
518	24	17	{Yellow}	Walking	0.01	17	17	\N
519	24	48	{Yellow}	Walking	0.1	13	16	\N
520	24	14	{Red}	Walking	0.15	8	8	\N
521	24	63	{Red}	Walking	0.15	8	12	\N
522	24	11	{Blue}	Walking	0.15	8	8	\N
523	24	63	{Blue}	Walking	0.15	8	12	\N
524	24	16	{Red}	Walking	0.2	12	13	\N
525	24	16	{Blue}	Walking	0.2	12	13	\N
526	24	13	{Red}	Walking	0.25	7	7	\N
527	24	43	{Red}	Walking	0.25	12	14	\N
528	24	10	{Blue}	Walking	0.25	7	7	\N
529	24	69	{Blue}	Walking	0.25	12	14	\N
530	24	69	{Yellow}	Walking	0.25	12	14	\N
531	24	16	{Yellow}	Walking	0.29	13	17	\N
532	24	119	{Yellow}	Super_rod	0.3	30	30	\N
533	24	54	{Red,Blue}	Super_rod	0.33	15	15	\N
534	24	98	{Red,Blue}	Super_rod	0.33	15	15	\N
535	24	118	{Red,Blue}	Super_rod	0.33	15	15	\N
536	24	43	{Yellow}	Walking	0.35	12	14	\N
537	24	60	{Red,Blue,Yellow}	Good_rod	0.5	10	10	\N
538	24	118	{Red,Blue,Yellow}	Good_rod	0.5	10	10	\N
539	24	118	{Yellow}	Super_rod	0.7	20	30	\N
540	24	129	{Red,Blue,Yellow}	Old_rod	1	5	5	\N
541	23	24	{Red}	Walking	0.05	41	41	\N
542	23	28	{Blue}	Walking	0.05	41	41	\N
543	23	57	{Yellow}	Walking	0.05	41	46	\N
544	23	21	{Red}	Walking	0.15	26	26	\N
545	23	21	{Blue}	Walking	0.15	26	26	\N
546	23	22	{Yellow}	Walking	0.15	40	45	\N
547	23	56	{Yellow}	Walking	0.2	36	41	\N
548	23	80	{Red,Blue}	Super_rod	0.25	23	23	\N
549	23	99	{Red,Blue}	Super_rod	0.25	23	23	\N
550	23	117	{Red,Blue}	Super_rod	0.25	23	23	\N
551	23	119	{Red,Blue}	Super_rod	0.25	23	23	\N
552	23	22	{Red}	Walking	0.25	38	43	\N
553	23	23	{Red}	Walking	0.25	26	26	\N
554	23	22	{Blue}	Walking	0.25	38	43	\N
555	23	27	{Blue}	Walking	0.25	26	26	\N
556	23	30	{Yellow}	Walking	0.25	41	44	\N
557	23	61	{Yellow}	Super_rod	0.3	30	40	\N
558	23	132	{Red}	Walking	0.3	33	43	\N
559	23	132	{Blue}	Walking	0.3	33	43	\N
560	23	33	{Yellow}	Walking	0.35	41	44	\N
561	23	60	{Red,Blue,Yellow}	Good_rod	0.5	10	10	\N
562	23	118	{Red,Blue,Yellow}	Good_rod	0.5	10	10	\N
563	23	60	{Yellow}	Super_rod	0.7	25	30	\N
564	23	129	{Red,Blue,Yellow}	Old_rod	1	5	5	\N
565	22	29	{Red}	Walking	0.05	3	4	\N
566	22	32	{Blue}	Walking	0.05	3	4	\N
567	22	61	{Yellow}	Super_rod	0.1	15	15	\N
568	22	21	{Red}	Walking	0.1	3	5	\N
569	22	21	{Blue}	Walking	0.1	3	5	\N
570	22	19	{Yellow}	Walking	0.1	3	3	\N
571	22	21	{Yellow}	Walking	0.1	2	6	\N
572	22	56	{Yellow}	Walking	0.2	3	5	\N
573	22	29	{Yellow}	Walking	0.25	2	4	\N
574	22	32	{Red}	Walking	0.35	2	4	\N
575	22	29	{Blue}	Walking	0.35	2	4	\N
576	22	32	{Yellow}	Walking	0.35	2	4	\N
577	22	60	{Red,Blue,Yellow}	Good_rod	0.5	10	10	\N
578	22	118	{Red,Blue,Yellow}	Good_rod	0.5	10	10	\N
579	22	60	{Red,Blue}	Super_rod	0.5	15	15	\N
580	22	118	{Red,Blue}	Super_rod	0.5	15	15	\N
581	22	19	{Red}	Walking	0.5	2	4	\N
582	22	19	{Blue}	Walking	0.5	2	4	\N
583	22	60	{Yellow}	Super_rod	0.9	5	15	\N
584	22	129	{Red,Blue,Yellow}	Old_rod	1	5	5	\N
585	21	20	{Yellow}	Walking	0.05	15	15	\N
586	21	73	{Yellow}	Super_rod	0.1	30	30	\N
587	21	114	{Red,Blue}	Walking	0.1	28	32	\N
588	21	17	{Yellow}	Walking	0.1	15	19	\N
589	21	17	{Red,Blue}	Walking	0.15	30	32	\N
590	21	20	{Red,Blue}	Walking	0.15	30	30	\N
591	21	90	{Red,Blue}	Super_rod	0.25	15	15	\N
592	21	116	{Red,Blue}	Super_rod	0.25	15	15	\N
593	21	118	{Red,Blue}	Super_rod	0.25	15	15	\N
594	21	120	{Red,Blue}	Super_rod	0.25	15	15	\N
595	21	16	{Red,Blue}	Walking	0.25	21	23	\N
596	21	19	{Yellow}	Walking	0.25	13	15	\N
597	21	120	{Yellow}	Super_rod	0.3	20	20	\N
598	21	19	{Red,Blue}	Walking	0.35	21	23	\N
599	21	60	{Red,Blue,Yellow}	Good_rod	0.5	10	10	\N
600	21	118	{Red,Blue,Yellow}	Good_rod	0.5	10	10	\N
601	21	72	{Yellow}	Super_rod	0.6	15	30	\N
602	21	16	{Yellow}	Walking	0.6	11	17	\N
603	21	129	{Red,Blue,Yellow}	Old_rod	1	5	5	\N
604	21	72	{Red,Blue,Yellow}	Surf	1	5	40	\N
605	20	120	{Yellow}	Super_rod	0.2	30	30	\N
606	20	90	{Red,Blue}	Super_rod	0.25	15	15	\N
607	20	116	{Red,Blue}	Super_rod	0.25	15	15	\N
608	20	118	{Red,Blue}	Super_rod	0.25	15	15	\N
609	20	120	{Red,Blue}	Super_rod	0.25	15	15	\N
610	20	72	{Yellow}	Super_rod	0.4	20	20	\N
611	20	73	{Yellow}	Super_rod	0.4	20	40	\N
612	20	60	{Red,Blue,Yellow}	Good_rod	0.5	10	10	\N
613	20	118	{Red,Blue,Yellow}	Good_rod	0.5	10	10	\N
614	20	129	{Red,Blue,Yellow}	Old_rod	1	5	5	\N
615	20	72	{Red,Blue,Yellow}	Surf	1	5	40	\N
616	19	73	{Yellow}	Super_rod	0.1	30	30	\N
617	19	90	{Red,Blue}	Super_rod	0.25	15	15	\N
618	19	116	{Red,Blue}	Super_rod	0.25	15	15	\N
619	19	118	{Red,Blue}	Super_rod	0.25	15	15	\N
620	19	120	{Red,Blue}	Super_rod	0.25	15	15	\N
621	19	120	{Yellow}	Super_rod	0.3	20	20	\N
622	19	60	{Red,Blue,Yellow}	Good_rod	0.5	10	10	\N
623	19	118	{Red,Blue,Yellow}	Good_rod	0.5	10	10	\N
624	19	72	{Yellow}	Super_rod	0.6	15	30	\N
625	19	129	{Red,Blue,Yellow}	Old_rod	1	5	5	\N
626	19	72	{Red,Blue,Yellow}	Surf	1	5	40	\N
627	18	20	{Yellow}	Walking	0.05	25	26	\N
628	18	22	{Yellow}	Walking	0.05	24	24	\N
629	18	22	{Red,Blue}	Walking	0.15	25	29	\N
630	18	20	{Red,Blue}	Walking	0.2	25	29	\N
631	18	72	{Red,Blue}	Super_rod	0.25	5	5	\N
632	18	98	{Red,Blue}	Super_rod	0.25	15	15	\N
633	18	118	{Red,Blue}	Super_rod	0.25	15	15	\N
634	18	129	{Red,Blue}	Super_rod	0.25	15	15	\N
635	18	84	{Red,Blue}	Walking	0.25	24	28	\N
636	18	19	{Yellow}	Walking	0.25	23	24	\N
637	18	21	{Yellow}	Walking	0.3	22	23	\N
638	18	84	{Yellow}	Walking	0.35	22	26	\N
639	18	72	{Yellow}	Super_rod	0.4	15	15	\N
640	18	21	{Red,Blue}	Walking	0.4	20	22	\N
641	18	60	{Red,Blue,Yellow}	Good_rod	0.5	10	10	\N
642	18	118	{Red,Blue,Yellow}	Good_rod	0.5	10	10	\N
643	18	90	{Yellow}	Super_rod	0.6	20	40	\N
644	18	129	{Red,Blue,Yellow}	Old_rod	1	5	5	\N
645	17	85	{Yellow}	Walking	0.01	29	29	\N
646	17	22	{Red,Blue}	Walking	0.05	25	27	\N
647	17	22	{Yellow}	Walking	0.2	27	29	\N
648	17	77	{Yellow}	Walking	0.24	28	32	\N
649	17	72	{Red,Blue}	Super_rod	0.25	5	5	\N
650	17	98	{Red,Blue}	Super_rod	0.25	15	15	\N
651	17	118	{Red,Blue}	Super_rod	0.25	15	15	\N
652	17	129	{Red,Blue}	Super_rod	0.25	15	15	\N
653	17	84	{Red,Blue}	Walking	0.25	24	28	\N
654	17	90	{Yellow}	Super_rod	0.3	25	35	\N
655	17	20	{Red,Blue}	Walking	0.3	25	29	\N
656	17	21	{Red,Blue}	Walking	0.4	20	22	\N
657	17	60	{Red,Blue,Yellow}	Good_rod	0.5	10	10	\N
658	17	118	{Red,Blue,Yellow}	Good_rod	0.5	10	10	\N
659	17	84	{Yellow}	Walking	0.55	26	28	\N
660	17	72	{Yellow}	Super_rod	0.7	5	15	\N
661	17	129	{Red,Blue,Yellow}	Old_rod	1	5	5	\N
662	16	20	{Red,Blue}	Walking	0.05	23	25	\N
663	16	20	{Yellow}	Walking	0.05	25	26	\N
664	16	22	{Yellow}	Walking	0.05	24	24	\N
665	16	84	{Red,Blue}	Walking	0.25	18	22	\N
666	16	19	{Yellow}	Walking	0.25	23	24	\N
667	16	19	{Red,Blue}	Walking	0.3	18	22	\N
668	16	21	{Yellow}	Walking	0.3	22	23	\N
669	16	84	{Yellow}	Walking	0.35	22	26	\N
670	16	21	{Red,Blue}	Walking	0.4	20	22	\N
671	16	143	{Red,Blue,Yellow}	Interaction	\N	30	30	\N
672	15	49	{Yellow}	Walking	0.01	30	30	\N
673	15	17	{Red,Blue}	Walking	0.05	28	30	\N
674	15	44	{Red}	Walking	0.05	30	30	\N
675	15	70	{Blue}	Walking	0.05	30	30	\N
676	15	44	{Yellow}	Walking	0.05	30	30	\N
677	15	70	{Yellow}	Walking	0.05	30	30	\N
678	15	17	{Yellow}	Walking	0.1	32	32	\N
679	15	16	{Red,Blue}	Walking	0.15	23	23	\N
680	15	132	{Red,Blue}	Walking	0.15	26	26	\N
681	15	48	{Yellow}	Walking	0.19	24	27	\N
682	15	48	{Red,Blue}	Walking	0.2	26	28	\N
683	15	69	{Yellow}	Walking	0.25	26	28	\N
684	15	43	{Yellow}	Walking	0.35	26	28	\N
685	15	43	{Red}	Walking	0.4	22	26	\N
686	15	69	{Blue}	Walking	0.4	22	26	\N
687	14	49	{Yellow}	Walking	0.01	30	30	\N
688	14	17	{Red,Blue}	Walking	0.05	28	30	\N
689	14	44	{Red}	Walking	0.05	30	30	\N
690	14	70	{Blue}	Walking	0.05	30	30	\N
691	14	44	{Yellow}	Walking	0.05	30	30	\N
692	14	70	{Yellow}	Walking	0.05	30	30	\N
693	14	17	{Yellow}	Walking	0.1	30	30	\N
694	14	16	{Red,Blue}	Walking	0.15	26	26	\N
695	14	132	{Red,Blue}	Walking	0.15	23	23	\N
696	14	48	{Yellow}	Walking	0.19	24	27	\N
697	14	48	{Red}	Walking	0.2	24	26	\N
698	14	69	{Yellow}	Walking	0.25	26	28	\N
699	14	43	{Yellow}	Walking	0.35	26	28	\N
700	14	43	{Red}	Walking	0.4	22	26	\N
701	14	69	{Blue}	Walking	0.4	22	26	\N
702	14	48	{Blue}	Walking	0.4	24	26	\N
703	13	80	{Yellow}	Surf	0.05	15	20	\N
704	13	44	{Red}	Walking	0.05	28	30	\N
705	13	132	{Red}	Walking	0.05	25	25	\N
706	13	70	{Blue}	Walking	0.05	28	30	\N
707	13	132	{Blue}	Walking	0.05	25	25	\N
708	13	44	{Yellow}	Walking	0.05	29	29	\N
709	13	70	{Yellow}	Walking	0.05	29	29	\N
710	13	83	{Yellow}	Walking	0.05	26	31	\N
711	13	117	{Yellow}	Super_rod	0.1	20	20	\N
712	13	16	{Yellow}	Walking	0.1	28	28	\N
713	13	17	{Yellow}	Walking	0.15	28	28	\N
714	13	72	{Yellow}	Super_rod	0.2	10	10	\N
715	13	48	{Red}	Walking	0.2	24	26	\N
716	13	48	{Blue}	Walking	0.2	24	26	\N
717	13	72	{Red}	Super_rod	0.25	5	5	\N
718	13	98	{Red}	Super_rod	0.25	15	15	\N
719	13	118	{Red}	Super_rod	0.25	15	15	\N
720	13	129	{Red}	Super_rod	0.25	15	15	\N
721	13	72	{Blue}	Super_rod	0.25	5	5	\N
722	13	98	{Blue}	Super_rod	0.25	15	15	\N
723	13	118	{Blue}	Super_rod	0.25	15	15	\N
724	13	129	{Blue}	Super_rod	0.25	15	15	\N
725	13	69	{Yellow}	Walking	0.25	25	27	\N
726	13	16	{Red}	Walking	0.3	25	27	\N
727	13	16	{Blue}	Walking	0.3	25	27	\N
728	13	43	{Yellow}	Walking	0.35	25	27	\N
729	13	43	{Red}	Walking	0.4	22	26	\N
730	13	69	{Blue}	Walking	0.4	22	26	\N
731	13	60	{Red,Blue,Yellow}	Good_rod	0.5	10	10	\N
732	13	118	{Red,Blue,Yellow}	Good_rod	0.5	10	10	\N
733	13	116	{Yellow}	Super_rod	0.7	15	20	\N
734	13	79	{Yellow}	Surf	0.95	15	15	\N
735	13	129	{Red,Blue,Yellow}	Old_rod	1	5	5	\N
736	12	80	{Yellow}	Surf	0.05	15	20	\N
737	12	44	{Red}	Walking	0.05	28	30	\N
738	12	70	{Blue}	Walking	0.05	28	30	\N
739	12	44	{Yellow}	Walking	0.05	29	29	\N
740	12	70	{Yellow}	Walking	0.05	29	29	\N
741	12	83	{Yellow}	Walking	0.05	26	31	\N
742	12	17	{Yellow}	Walking	0.1	28	28	\N
743	12	16	{Yellow}	Walking	0.15	28	28	\N
744	12	48	{Red}	Walking	0.2	24	26	\N
745	12	48	{Blue}	Walking	0.2	24	26	\N
746	12	72	{Red}	Super_rod	0.25	5	5	\N
747	12	98	{Red}	Super_rod	0.25	15	15	\N
748	12	118	{Red}	Super_rod	0.25	15	15	\N
749	12	129	{Red}	Super_rod	0.25	15	15	\N
750	12	72	{Blue}	Super_rod	0.25	5	5	\N
751	12	98	{Blue}	Super_rod	0.25	15	15	\N
752	12	118	{Blue}	Super_rod	0.25	15	15	\N
753	12	129	{Blue}	Super_rod	0.25	15	15	\N
754	12	69	{Yellow}	Walking	0.25	25	27	\N
755	12	117	{Yellow}	Super_rod	0.3	25	35	\N
756	12	16	{Red}	Walking	0.35	23	27	\N
757	12	16	{Blue}	Walking	0.35	23	27	\N
758	12	43	{Yellow}	Walking	0.35	25	27	\N
759	12	43	{Red}	Walking	0.4	22	26	\N
760	12	69	{Blue}	Walking	0.4	22	26	\N
761	12	60	{Red,Blue,Yellow}	Good_rod	0.5	10	10	\N
762	12	118	{Red,Blue,Yellow}	Good_rod	0.5	10	10	\N
763	12	116	{Yellow}	Super_rod	0.7	20	25	\N
764	12	79	{Yellow}	Surf	0.95	15	15	\N
765	12	129	{Red,Blue,Yellow}	Old_rod	1	5	5	\N
766	12	143	{Red,Blue,Yellow}	Interaction	\N	30	30	\N
767	11	20	{Yellow}	Walking	0.01	17	17	\N
768	11	116	{Yellow}	Super_rod	0.1	5	5	\N
769	11	17	{Yellow}	Walking	0.1	18	20	\N
770	11	96	{Yellow}	Walking	0.24	15	19	\N
771	11	96	{Red,Blue}	Walking	0.25	9	15	\N
772	11	19	{Yellow}	Walking	0.25	15	17	\N
773	11	21	{Red,Blue}	Walking	0.3	13	17	\N
774	11	16	{Yellow}	Walking	0.4	16	18	\N
775	11	23	{Red}	Walking	0.45	12	15	\N
776	11	27	{Blue}	Walking	0.45	12	15	\N
777	11	60	{Red,Blue,Yellow}	Good_rod	0.5	10	10	\N
778	11	118	{Red,Blue,Yellow}	Good_rod	0.5	10	10	\N
779	11	90	{Red,Blue}	Super_rod	0.5	15	15	\N
780	11	98	{Red,Blue}	Super_rod	0.5	15	15	\N
781	11	72	{Yellow}	Super_rod	0.9	10	20	\N
782	11	129	{Red,Blue,Yellow}	Old_rod	1	5	5	\N
783	10	20	{Yellow}	Walking	0.05	20	20	\N
784	10	66	{Yellow}	Walking	0.05	16	18	\N
785	10	99	{Yellow}	Super Rod	0.1	25	25	\N
786	10	29	{Yellow}	Walking	0.1	17	17	\N
787	10	32	{Yellow}	Walking	0.1	17	17	\N
788	10	19	{Yellow}	Walking	0.15	18	18	\N
789	10	116	{Yellow}	Super Rod	0.2	10	10	\N
790	10	23	{Red}	Walking	0.25	11	17	\N
791	10	27	{Blue}	Walking	0.25	11	17	\N
792	10	21	{Red,Blue}	Walking	0.3	13	17	\N
793	10	100	{Red,Blue}	Walking	0.45	14	17	\N
794	10	60	{Red,Blue,Yellow}	Good Rod	0.5	10	10	\N
795	10	118	{Red,Blue,Yellow}	Good Rod	0.5	10	10	\N
796	10	61	{Red,Blue}	Super Rod	0.5	23	23	\N
797	10	79	{Red,Blue}	Super Rod	0.5	15	15	\N
798	10	81	{Yellow}	Walking	0.55	16	22	\N
799	10	98	{Yellow}	Super Rod	0.7	15	20	\N
800	10	129	{Red,Blue,Yellow}	Old Rod	1	5	5	\N
801	9	22	{Yellow}	Walking	0.01	19	19	\N
802	9	20	{Yellow}	Walking	0.04	20	20	\N
803	9	33	{Yellow}	Walking	0.05	18	18	\N
804	9	30	{Yellow}	Walking	0.05	18	18	\N
805	9	21	{Yellow}	Walking	0.1	17	17	\N
806	9	19	{Yellow}	Walking	0.15	18	18	\N
807	9	23	{Red}	Walking	0.25	11	17	\N
808	9	27	{Blue}	Walking	0.25	11	17	\N
809	9	21	{Red,Blue}	Walking	0.3	13	17	\N
810	9	32	{Yellow}	Walking	0.35	16	18	\N
811	9	29	{Yellow}	Walking	0.35	16	18	\N
812	9	19	{Red,Blue}	Walking	0.45	14	17	\N
813	8	64	{Yellow}	Walking	0.05	20	27	\N
814	8	17	{Yellow}	Walking	0.1	24	24	\N
815	8	39	{Yellow}	Walking	0.1	19	24	\N
816	8	19	{Yellow}	Walking	0.15	20	20	\N
817	8	23	{Red}	Walking	0.2	17	19	\N
818	8	58	{Red}	Walking	0.2	15	18	\N
819	8	27	{Blue}	Walking	0.2	17	19	\N
820	8	37	{Blue}	Walking	0.2	15	18	\N
821	8	63	{Yellow}	Walking	0.2	15	19	\N
822	8	56	{Red}	Walking	0.25	18	20	\N
823	8	52	{Blue}	Walking	0.25	18	20	\N
824	8	16	{Red,Blue}	Walking	0.35	18	20	\N
825	8	16	{Yellow}	Walking	0.4	20	22	\N
826	7	58	{Red}	Walking	0.1	18	20	\N
827	7	37	{Blue}	Walking	0.1	18	20	\N
828	7	17	{Yellow}	Walking	0.1	24	24	\N
829	7	39	{Yellow}	Walking	0.1	19	24	\N
830	7	19	{Yellow}	Walking	0.15	20	20	\N
831	7	43	{Red}	Walking	0.25	19	22	\N
832	7	69	{Blue}	Walking	0.25	19	22	\N
833	7	63	{Yellow}	Walking	0.25	15	26	\N
834	7	56	{Red}	Walking	0.3	17	20	\N
835	7	52	{Blue}	Walking	0.3	17	20	\N
836	7	16	{Red,Blue}	Walking	0.35	19	22	\N
837	7	16	{Yellow}	Walking	0.4	20	22	\N
838	6	55	{Yellow}	Surf	0.05	15	20	\N
839	6	17	{Yellow}	Walking	0.05	17	17	\N
840	6	39	{Yellow}	Walking	0.1	3	7	\N
841	6	63	{Yellow}	Walking	0.15	7	7	\N
842	6	56	{Red}	Walking	0.25	10	16	\N
843	6	52	{Blue}	Walking	0.25	10	16	\N
844	6	19	{Yellow}	Walking	0.25	14	16	\N
845	6	16	{Red,Blue}	Walking	0.35	13	16	\N
846	6	43	{Red}	Walking	0.4	13	16	\N
847	6	69	{Blue}	Walking	0.4	13	16	\N
848	6	16	{Yellow}	Walking	0.45	15	17	\N
849	6	60	{Red,Blue,Yellow}	Good_rod	0.5	10	10	\N
850	6	118	{Red,Blue,Yellow}	Good_rod	0.5	10	10	\N
851	6	90	{Red,Blue}	Super_rod	0.5	15	15	\N
852	6	98	{Red,Blue}	Super_rod	0.5	15	15	\N
853	6	54	{Yellow}	Surf	0.95	15	15	\N
854	6	129	{Red,Blue,Yellow}	Old_rod	1	5	5	\N
855	6	118	{Yellow}	Super_rod	1	5	20	\N
856	5	17	{Yellow}	Walking	0.05	17	17	\N
857	5	39	{Yellow}	Walking	0.1	3	7	\N
858	5	63	{Yellow}	Walking	0.15	7	7	\N
859	5	56	{Red}	Walking	0.25	10	16	\N
860	5	52	{Blue}	Walking	0.25	10	16	\N
861	5	19	{Yellow}	Walking	0.25	14	16	\N
862	5	16	{Red,Blue}	Walking	0.35	13	16	\N
863	5	43	{Red}	Walking	0.4	13	16	\N
864	5	69	{Blue}	Walking	0.4	13	16	\N
865	5	16	{Yellow}	Walking	0.45	15	17	\N
866	4	19	{Yellow}	Walking	0.15	10	12	\N
867	4	27	{Yellow}	Walking	0.15	8	10	\N
868	4	56	{Yellow}	Walking	0.15	9	9	\N
869	4	23	{Red}	Walking	0.25	6	12	\N
870	4	27	{Blue}	Walking	0.25	6	12	\N
871	4	21	{Red,Blue}	Walking	0.3	8	12	\N
872	4	19	{Red,Blue}	Walking	0.45	8	12	\N
873	4	21	{Yellow}	Walking	0.55	8	12	\N
874	4	129	{Red,Blue,Yellow}	Gift	\N	5	5	\N
875	3	39	{Red,Blue}	Walking	0.1	3	7	\N
876	3	19	{Yellow}	Walking	0.15	10	12	\N
877	3	27	{Yellow}	Walking	0.15	8	10	\N
878	3	56	{Yellow}	Walking	0.15	9	9	\N
879	3	21	{Red,Blue}	Walking	0.4	5	8	\N
880	3	16	{Red,Blue}	Walking	0.5	6	8	\N
881	3	21	{Yellow}	Walking	0.55	8	12	\N
882	2	13	{Red}	Walking	0.15	3	5	\N
883	2	10	{Blue}	Walking	0.15	3	5	\N
884	2	29	{Yellow}	Walking	0.15	4	6	\N
885	2	32	{Yellow}	Walking	0.15	4	6	\N
886	2	16	{Yellow}	Walking	0.3	3	7	\N
887	2	16	{Red,Blue}	Walking	0.4	3	5	\N
888	2	19	{Yellow}	Walking	0.4	3	4	\N
889	2	19	{Red,Blue}	Walking	0.45	2	5	\N
890	1	19	{Yellow}	Walking	0.3	2	4	\N
891	1	19	{Red,Blue}	Walking	0.45	2	4	\N
892	1	16	{Red,Blue}	Walking	0.55	2	5	\N
893	1	16	{Yellow}	Walking	0.7	2	7	\N
\.


--
-- TOC entry 5060 (class 0 OID 16446)
-- Dependencies: 223
-- Data for Name: gen1_learnset; Type: TABLE DATA; Schema: public; Owner: postgres
--

COPY public.gen1_learnset (pokemon_id, move_id, level_learned, is_yellow_only) FROM stdin;
1	53	1	f
1	53	1	t
1	54	34	f
1	54	34	t
1	73	7	f
1	73	7	t
1	94	20	f
1	94	20	t
1	102	27	f
1	102	27	t
1	122	41	f
1	122	41	t
1	127	48	f
1	127	48	t
1	144	1	f
1	144	1	t
1	159	13	f
1	159	13	t
2	53	1	f
2	53	1	t
2	54	38	f
2	54	38	t
2	73	1	f
2	73	1	t
2	73	7	f
2	73	7	t
2	94	22	f
2	94	22	t
2	102	30	f
2	102	30	t
2	122	46	f
2	122	46	t
2	127	54	f
2	127	54	t
2	144	1	f
2	144	1	t
2	159	13	f
2	159	13	t
3	53	1	f
3	53	1	t
3	54	43	f
3	54	43	t
3	73	1	f
3	73	1	t
3	73	7	f
3	73	7	t
3	94	22	f
3	94	22	t
3	102	30	f
3	102	30	t
3	122	55	f
3	122	55	t
3	127	65	f
3	127	65	t
3	144	1	f
3	144	1	t
3	159	1	f
3	159	1	t
3	159	13	f
3	159	13	t
4	40	9	f
4	40	9	t
4	44	46	f
4	44	46	t
4	46	38	f
4	46	38	t
4	53	1	f
4	53	1	t
4	74	15	f
4	74	15	t
4	101	22	f
4	101	22	t
4	112	1	f
4	112	1	t
4	121	30	f
4	121	30	t
5	40	1	f
5	40	1	t
5	40	9	f
5	40	9	t
5	44	56	f
5	44	56	t
5	46	42	f
5	46	42	t
5	53	1	f
5	53	1	t
5	74	15	f
5	74	15	t
5	101	24	f
5	101	24	t
5	112	1	f
5	112	1	t
5	121	33	f
5	121	33	t
6	40	1	f
6	40	1	t
6	40	9	f
6	40	9	t
6	44	55	f
6	44	55	t
6	46	46	f
6	46	46	t
6	53	1	f
6	53	1	t
6	74	1	f
6	74	1	t
6	74	15	f
6	74	15	t
6	101	24	f
6	101	24	t
6	112	1	f
6	112	1	t
6	121	36	f
6	121	36	t
7	11	22	f
7	11	22	t
7	16	8	f
7	16	8	t
7	63	42	f
7	63	42	t
7	118	35	f
7	118	35	t
7	144	1	f
7	144	1	t
7	145	1	f
7	145	1	t
7	160	15	f
7	160	15	t
7	164	28	f
7	164	28	t
8	11	24	f
8	11	24	t
8	16	1	f
8	16	1	t
8	16	8	f
8	16	8	t
8	63	47	f
8	63	47	t
8	118	39	f
8	118	39	t
8	144	1	f
8	144	1	t
8	145	1	f
8	145	1	t
8	160	15	f
8	160	15	t
8	164	31	f
8	164	31	t
9	11	24	f
9	11	24	t
9	16	1	f
9	16	1	t
9	16	8	f
9	16	8	t
9	63	52	f
9	63	52	t
9	118	42	f
9	118	42	t
9	144	1	f
9	144	1	t
9	145	1	f
9	145	1	t
9	160	1	f
9	160	1	t
9	160	15	f
9	160	15	t
9	164	31	f
9	164	31	t
10	134	1	f
10	134	1	t
10	144	1	f
10	144	1	t
11	57	1	f
11	57	1	t
11	57	7	t
12	21	1	f
12	21	1	t
12	21	10	t
12	21	12	f
12	56	28	t
12	94	13	t
12	94	15	f
12	97	32	f
12	97	34	t
12	122	15	t
12	122	17	f
12	136	14	t
12	136	16	f
12	140	18	t
12	140	21	f
12	162	23	t
12	162	26	f
13	95	1	f
13	95	1	t
13	134	1	f
13	134	1	t
14	57	1	f
14	57	1	t
15	4	35	f
15	4	35	t
15	49	16	f
15	49	16	t
15	50	1	f
15	50	1	t
15	50	12	f
15	50	12	t
15	92	30	f
15	92	30	t
15	101	25	f
15	101	25	t
15	157	20	f
15	157	20	t
16	4	36	f
16	4	36	t
16	56	1	f
16	56	1	t
16	86	44	f
16	86	44	t
16	100	12	f
16	100	12	t
16	111	5	f
16	111	5	t
16	162	19	f
16	162	19	t
16	163	28	f
16	163	28	t
17	4	40	f
17	4	40	t
17	56	1	f
17	56	1	t
17	86	49	f
17	86	49	t
17	100	12	f
17	100	12	t
17	111	1	f
17	111	1	t
17	111	5	f
17	111	5	t
17	162	21	f
17	162	21	t
17	163	31	f
17	163	31	t
18	4	44	f
18	4	44	t
18	56	1	f
18	56	1	t
18	86	54	f
18	86	54	t
18	100	1	f
18	100	1	t
18	100	12	f
18	100	12	t
18	111	1	f
18	111	1	t
18	111	5	f
18	111	5	t
18	162	21	f
18	162	21	t
18	163	31	f
18	163	31	t
19	49	23	f
19	49	23	t
19	65	14	f
19	65	14	t
19	100	7	f
19	100	7	t
19	139	34	f
19	139	34	t
19	144	1	f
19	144	1	t
19	145	1	f
19	145	1	t
20	49	27	f
20	49	27	t
20	65	14	f
20	65	14	t
20	100	1	f
20	100	1	t
20	100	7	f
20	100	7	t
20	139	41	f
20	139	41	t
20	144	1	f
20	144	1	t
20	145	1	f
20	145	1	t
21	4	36	f
21	4	36	t
21	37	29	f
21	37	29	t
21	50	15	f
21	50	15	t
21	53	1	f
21	53	1	t
21	74	9	f
21	74	9	t
21	86	22	f
21	86	22	t
21	90	1	f
21	90	1	t
22	4	43	f
22	4	43	t
22	37	34	f
22	37	34	t
22	50	15	f
22	50	15	t
22	53	1	f
22	53	1	t
22	74	1	f
22	74	1	t
22	74	9	f
22	74	9	t
22	86	25	f
22	86	25	t
22	90	1	f
22	90	1	t
23	2	38	f
23	2	38	t
23	11	17	f
23	11	17	t
23	52	24	f
23	52	24	t
23	74	1	f
23	74	1	t
23	95	10	f
23	95	10	t
23	113	31	f
23	113	31	t
23	165	1	f
23	165	1	t
24	2	47	f
24	2	47	t
24	11	17	f
24	11	17	t
24	52	27	f
24	52	27	t
24	74	1	f
24	74	1	t
24	95	1	f
24	95	1	t
24	95	10	f
24	95	10	t
24	113	36	f
24	113	36	t
24	165	1	f
24	165	1	t
25	4	33	f
25	4	33	t
25	33	15	t
25	53	1	f
25	53	1	t
25	76	50	t
25	100	11	t
25	100	16	f
25	120	20	t
25	142	26	f
25	145	6	t
25	149	41	t
25	149	43	f
25	151	1	f
25	151	1	t
25	152	8	t
25	152	9	f
25	153	26	t
26	53	1	f
26	53	1	t
26	151	1	f
26	151	1	t
26	152	1	f
26	152	1	t
27	51	38	f
27	51	38	t
27	95	24	f
27	95	24	t
27	111	10	f
27	111	10	t
27	112	1	f
27	112	1	t
27	121	17	f
27	121	17	t
27	142	31	f
27	142	31	t
28	51	47	f
28	51	47	t
28	95	27	f
28	95	27	t
28	111	1	f
28	111	1	t
28	111	10	f
28	111	10	t
28	112	1	f
28	112	1	t
28	121	17	f
28	121	17	t
28	142	36	f
28	142	36	t
29	11	29	f
29	11	30	t
29	31	12	t
29	31	43	f
29	51	36	f
29	51	38	t
29	53	1	f
29	53	1	t
29	95	14	f
29	95	17	t
29	112	8	f
29	112	8	t
29	144	1	f
29	144	1	t
29	145	21	f
29	145	23	t
30	11	32	f
30	11	36	t
30	31	12	t
30	31	50	f
30	51	41	f
30	51	46	t
30	53	1	f
30	53	1	t
30	95	14	f
30	95	19	t
30	112	1	f
30	112	1	t
30	112	8	f
30	112	8	t
30	144	1	f
30	144	1	t
30	145	23	f
30	145	27	t
31	13	1	f
31	13	1	t
31	13	23	f
31	13	23	t
31	31	12	t
31	95	14	f
31	112	1	f
31	112	1	t
31	112	8	f
31	112	8	t
31	144	1	f
31	144	1	t
31	145	1	f
31	145	1	t
32	31	12	t
32	31	43	f
32	49	21	f
32	49	23	t
32	50	29	f
32	50	30	t
32	61	8	f
32	61	8	t
32	62	36	f
32	62	38	t
32	74	1	f
32	74	1	t
32	95	14	f
32	95	17	t
32	144	1	f
32	144	1	t
33	31	12	t
33	31	50	f
33	49	23	f
33	49	27	t
33	50	32	f
33	50	36	t
33	61	1	f
33	61	1	t
33	61	8	f
33	61	8	t
33	62	41	f
33	62	46	t
33	74	1	f
33	74	1	t
33	95	14	f
33	95	19	t
33	144	1	f
33	144	1	t
34	31	12	t
34	61	1	f
34	61	1	t
34	61	8	f
34	61	8	t
34	95	1	f
34	95	1	t
34	95	14	f
34	144	1	f
34	144	1	t
34	148	1	f
34	148	1	t
34	148	23	f
34	148	23	t
35	27	39	f
35	27	39	t
35	32	18	f
35	32	18	t
35	53	1	f
35	53	1	t
35	76	48	f
35	76	48	t
35	83	31	f
35	83	31	t
35	85	24	f
35	85	24	t
35	96	1	f
35	96	1	t
35	117	13	f
35	117	13	t
36	32	1	f
36	32	1	t
36	83	1	f
36	83	1	t
36	85	1	f
36	85	1	t
36	117	1	f
36	117	1	t
37	20	28	f
37	20	28	t
37	40	1	f
37	40	1	t
37	44	42	f
37	44	42	t
37	46	35	f
37	46	35	t
37	100	16	f
37	100	16	t
37	107	21	f
37	107	21	t
37	145	1	f
37	145	1	t
38	40	1	f
38	40	1	t
38	100	1	f
38	100	1	t
38	107	1	f
38	107	1	t
38	145	1	f
38	145	1	t
39	13	34	f
39	13	34	t
39	27	19	f
39	27	19	t
39	29	14	f
39	29	14	t
39	32	24	f
39	32	24	t
39	34	39	f
39	34	39	t
39	96	9	f
39	96	9	t
39	106	29	f
39	106	29	t
39	117	1	f
39	117	1	t
40	27	1	f
40	27	1	t
40	29	1	f
40	29	1	t
40	32	1	f
40	32	1	t
40	117	1	f
40	117	1	t
41	11	15	f
41	11	15	t
41	20	21	f
41	20	21	t
41	58	36	f
41	58	36	t
41	72	1	f
41	72	1	t
41	140	10	f
41	140	10	t
41	163	28	f
41	163	28	t
42	11	1	f
42	11	1	t
42	11	15	f
42	11	15	t
42	20	21	f
42	20	21	t
42	58	43	f
42	58	43	t
42	72	1	f
42	72	1	t
42	113	1	f
42	113	1	t
42	140	10	f
42	140	10	t
42	163	32	f
42	163	32	t
43	1	1	f
43	1	1	t
43	2	24	f
43	2	24	t
43	91	33	f
43	91	33	t
43	94	15	f
43	94	15	t
43	122	19	f
43	122	19	t
43	127	46	f
43	127	46	t
43	136	17	f
43	136	17	t
44	1	1	f
44	1	1	t
44	2	28	f
44	2	28	t
44	91	38	f
44	91	38	t
44	94	1	f
44	94	1	t
44	94	15	f
44	94	15	t
44	122	19	f
44	122	19	t
44	127	52	f
44	127	52	t
44	136	1	f
44	136	1	t
44	136	17	f
44	136	17	t
45	2	1	f
45	2	1	t
45	91	1	f
45	91	1	t
45	94	15	f
45	94	15	t
45	122	1	f
45	122	1	t
45	122	19	f
45	122	19	t
45	136	1	f
45	136	1	t
45	136	17	f
45	136	17	t
46	54	41	f
46	54	41	t
46	72	20	f
46	72	20	t
46	112	1	f
46	112	1	t
46	121	34	f
46	121	34	t
46	131	27	f
46	131	27	t
46	136	13	f
46	136	13	t
47	54	48	f
47	54	48	t
47	72	1	f
47	72	1	t
47	72	20	f
47	72	20	t
47	112	1	f
47	112	1	t
47	121	39	f
47	121	39	t
47	131	30	f
47	131	30	t
47	136	1	f
47	136	1	t
47	136	13	f
47	136	13	t
48	21	19	t
48	29	1	f
48	29	1	t
48	72	27	f
48	72	27	t
48	94	22	t
48	94	24	f
48	97	35	f
48	97	35	t
48	98	43	f
48	98	43	t
48	122	38	f
48	122	38	t
48	136	30	f
48	136	30	t
48	140	11	t
48	144	1	f
48	144	1	t
49	21	1	t
49	29	1	f
49	29	1	t
49	72	1	f
49	72	27	f
49	72	27	t
49	94	1	f
49	94	22	t
49	94	24	f
49	97	38	f
49	97	38	t
49	98	50	f
49	98	50	t
49	122	43	f
49	122	43	t
49	136	30	f
49	136	30	t
49	140	1	t
49	144	1	f
49	144	1	t
50	28	19	f
50	28	19	t
50	38	40	f
50	38	40	t
50	53	15	f
50	53	15	t
50	111	24	f
50	111	24	t
50	112	1	f
50	112	1	t
50	121	31	f
50	121	31	t
51	28	1	f
51	28	1	t
51	28	19	f
51	28	19	t
51	38	47	f
51	38	47	t
51	53	1	f
51	53	1	t
51	53	15	f
51	53	15	t
51	111	24	f
51	111	24	t
51	112	1	f
51	112	1	t
51	121	35	f
51	121	35	t
52	11	12	f
52	11	12	t
52	51	33	f
52	51	33	t
52	53	1	f
52	53	1	t
52	89	17	f
52	89	17	t
52	112	1	f
52	112	1	t
52	113	24	f
52	113	24	t
52	121	44	f
52	121	44	t
53	11	1	f
53	11	1	t
53	11	12	f
53	11	12	t
53	51	37	f
53	51	37	t
53	53	1	f
53	53	1	t
53	89	17	f
53	89	17	t
53	112	1	f
53	112	1	t
53	113	1	f
53	113	1	t
53	113	24	f
53	113	24	t
53	121	51	f
53	121	51	t
54	21	36	f
54	21	36	t
54	29	31	f
54	29	31	t
54	51	43	f
54	51	43	t
54	63	52	f
54	63	52	t
54	112	1	f
54	112	1	t
54	145	28	f
54	145	28	t
55	21	39	f
55	21	39	t
55	29	1	f
55	29	1	t
55	29	31	f
55	29	31	t
55	51	48	f
55	51	48	t
55	63	59	f
55	63	59	t
55	112	1	f
55	112	1	t
55	145	1	f
55	145	1	t
55	145	28	f
55	145	28	t
56	49	27	f
56	49	27	t
56	51	21	f
56	51	21	t
56	70	15	f
56	70	15	t
56	74	1	f
56	74	1	t
56	78	9	t
56	112	1	f
56	112	1	t
56	113	45	t
56	114	33	f
56	114	33	t
56	148	39	f
56	148	39	t
57	49	27	f
57	49	27	t
57	51	1	f
57	51	21	f
57	51	21	t
57	70	1	f
57	70	1	t
57	70	15	f
57	70	15	t
57	74	1	f
57	74	1	t
57	78	1	t
57	78	9	t
57	101	28	t
57	112	1	f
57	112	1	t
57	113	45	t
57	114	37	f
57	114	37	t
57	148	46	f
57	148	46	t
58	4	39	f
58	4	39	t
58	11	1	f
58	11	1	t
58	40	18	f
58	40	18	t
58	46	50	f
58	46	50	t
58	74	23	f
58	74	23	t
58	107	1	f
58	107	1	t
58	146	30	f
58	146	30	t
59	40	1	f
59	40	1	t
59	74	1	f
59	74	1	t
59	107	1	f
59	107	1	t
59	146	1	f
59	146	1	t
60	5	38	f
60	5	38	t
60	13	31	f
60	13	31	t
60	16	1	f
60	16	1	t
60	32	25	f
60	32	25	t
60	63	45	f
60	63	45	t
60	66	16	f
60	66	16	t
60	160	19	f
60	160	19	t
61	5	41	f
61	5	41	t
61	13	33	f
61	13	33	t
61	16	1	f
61	16	1	t
61	32	26	f
61	32	26	t
61	63	49	f
61	63	49	t
61	66	1	f
61	66	1	t
61	66	16	f
61	66	16	t
61	160	1	f
61	160	1	t
61	160	19	f
61	160	19	t
62	13	1	f
62	13	1	t
62	32	1	f
62	32	1	t
62	66	1	f
62	66	1	t
62	66	16	f
62	66	16	t
62	160	1	f
62	160	1	t
62	160	19	f
62	160	19	t
63	147	1	f
63	147	1	t
64	21	1	f
64	21	16	f
64	21	16	t
64	29	1	f
64	29	20	f
64	29	20	t
64	71	1	t
64	97	27	f
64	97	27	t
64	98	38	f
64	98	38	t
64	104	31	f
64	104	31	t
64	105	42	f
64	105	42	t
64	147	1	f
64	147	1	t
65	21	1	f
65	21	16	f
65	21	16	t
65	29	1	f
65	29	20	f
65	29	20	t
65	71	1	t
65	97	27	f
65	97	27	t
65	98	38	f
65	98	38	t
65	104	31	f
65	104	31	t
65	105	42	f
65	105	42	t
65	147	1	f
65	147	1	t
66	49	32	f
66	49	32	t
66	70	1	f
66	70	1	t
66	74	25	f
66	74	25	t
66	78	20	f
66	78	20	t
66	114	39	f
66	114	39	t
66	137	46	f
66	137	46	t
67	49	36	f
67	49	36	t
67	70	1	f
67	70	1	t
67	74	1	f
67	74	1	t
67	74	25	f
67	74	25	t
67	78	1	f
67	78	1	t
67	78	20	f
67	78	20	t
67	114	44	f
67	114	44	t
67	137	52	f
67	137	52	t
68	49	36	f
68	49	36	t
68	70	1	f
68	70	1	t
68	74	1	f
68	74	1	t
68	74	25	f
68	74	25	t
68	78	1	f
68	78	1	t
68	78	20	f
68	78	20	t
68	114	44	f
68	114	44	t
68	137	52	f
68	137	52	t
69	2	26	f
69	2	26	t
69	54	1	f
69	54	1	t
69	94	15	f
69	94	15	t
69	102	33	f
69	102	33	t
69	120	42	f
69	120	42	t
69	122	18	f
69	122	18	t
69	136	21	f
69	136	21	t
69	159	1	f
69	159	1	t
69	165	13	f
69	165	13	t
70	2	29	f
70	2	29	t
70	54	1	f
70	54	1	t
70	94	15	f
70	94	15	t
70	102	38	f
70	102	38	t
70	120	49	f
70	120	49	t
70	122	18	f
70	122	18	t
70	136	23	f
70	136	23	t
70	159	1	f
70	159	1	t
70	165	1	f
70	165	1	t
70	165	13	f
70	165	13	t
71	2	1	f
71	2	1	t
71	94	15	f
71	94	15	t
71	102	1	f
71	102	1	t
71	122	1	f
71	122	1	t
71	122	18	f
71	122	18	t
71	136	1	f
71	136	1	t
71	165	13	f
71	165	13	t
72	2	1	f
72	2	1	t
72	8	33	f
72	8	33	t
72	22	27	f
72	22	27	t
72	63	48	f
72	63	48	t
72	95	18	f
72	95	18	t
72	113	40	f
72	113	40	t
72	140	7	f
72	140	7	t
72	160	22	f
72	160	22	t
72	165	13	f
72	165	13	t
73	2	1	f
73	2	1	t
73	8	35	f
73	8	35	t
73	22	27	f
73	22	27	t
73	63	50	f
73	63	50	t
73	95	18	f
73	95	18	t
73	113	43	f
73	113	43	t
73	140	1	f
73	140	1	t
73	140	7	f
73	140	7	t
73	160	22	f
73	160	22	t
73	165	1	f
73	165	1	t
73	165	13	f
73	165	13	t
74	27	11	f
74	27	11	t
74	38	31	f
74	38	31	t
74	41	36	f
74	41	36	t
74	57	26	f
74	57	26	t
74	109	16	f
74	109	16	t
74	115	21	f
74	115	21	t
74	144	1	f
74	144	1	t
75	27	1	f
75	27	1	t
75	27	11	f
75	27	11	t
75	38	36	f
75	38	36	t
75	41	43	f
75	41	43	t
75	57	29	f
75	57	29	t
75	109	16	f
75	109	16	t
75	115	21	f
75	115	21	t
75	144	1	f
75	144	1	t
76	27	1	f
76	27	1	t
76	27	11	f
76	27	11	t
76	38	36	f
76	38	36	t
76	41	43	f
76	41	43	t
76	57	29	f
76	57	29	t
76	109	16	f
76	109	16	t
76	115	21	f
76	115	21	t
76	144	1	f
76	144	1	t
77	4	48	f
77	4	48	t
77	40	1	f
77	40	1	t
77	44	39	f
77	44	39	t
77	53	35	f
77	53	35	t
77	132	32	f
77	132	32	t
77	145	30	f
77	145	30	t
77	146	43	f
77	146	43	t
78	4	55	f
78	4	55	t
78	40	1	f
78	40	1	t
78	44	39	f
78	44	39	t
78	53	1	f
78	53	1	t
78	53	35	f
78	53	35	t
78	132	1	f
78	132	1	t
78	132	32	f
78	132	32	t
78	145	1	f
78	145	1	t
78	145	30	f
78	145	30	t
78	146	47	f
78	146	47	t
79	5	40	f
79	5	40	t
79	21	1	f
79	21	1	t
79	29	18	f
79	29	18	t
79	53	27	f
79	53	27	t
79	59	22	f
79	59	22	t
79	98	48	f
79	98	48	t
79	160	33	f
79	160	33	t
80	5	44	f
80	5	44	t
80	21	1	f
80	21	1	t
80	29	1	f
80	29	1	t
80	29	18	f
80	29	18	t
80	53	27	f
80	53	27	t
80	59	1	f
80	59	1	t
80	59	22	f
80	59	22	t
80	98	55	f
80	98	55	t
80	160	33	f
80	160	33	t
80	164	37	f
80	164	37	t
81	113	47	f
81	113	47	t
81	128	21	f
81	128	21	t
81	140	29	f
81	140	29	t
81	142	41	f
81	142	41	t
81	144	1	f
81	144	1	t
81	151	25	f
81	151	25	t
81	152	35	f
81	152	35	t
82	113	54	f
82	113	54	t
82	128	1	f
82	128	1	t
82	128	21	f
82	128	21	t
82	140	29	f
82	140	29	t
82	142	46	f
82	142	46	t
82	144	1	f
82	144	1	t
82	151	1	f
82	151	1	t
82	151	25	f
82	151	25	t
82	152	38	f
82	152	38	t
83	4	31	f
83	4	31	t
83	50	15	f
83	50	15	t
83	74	7	f
83	74	7	t
83	90	1	f
83	90	1	t
83	111	1	f
83	111	1	t
83	121	39	f
83	121	39	t
83	143	23	f
83	143	23	t
84	4	44	f
84	4	44	t
84	37	30	f
84	37	30	t
84	50	24	f
84	50	24	t
84	53	20	f
84	53	20	t
84	90	1	f
84	90	1	t
84	101	36	f
84	101	36	t
84	156	40	f
84	156	40	t
85	4	51	f
85	4	51	t
85	37	30	f
85	37	30	t
85	50	1	f
85	50	1	t
85	50	24	f
85	50	24	t
85	53	1	f
85	53	1	t
85	53	20	f
85	53	20	t
85	90	1	f
85	90	1	t
85	101	39	f
85	101	39	t
85	156	45	f
85	156	45	t
86	6	35	f
86	6	35	t
86	53	30	f
86	53	30	t
86	59	1	f
86	59	1	t
86	67	50	f
86	67	50	t
86	106	40	f
86	106	40	t
86	146	45	f
86	146	45	t
87	6	1	f
87	6	1	t
87	6	35	f
87	6	35	t
87	53	1	f
87	53	1	t
87	53	30	f
87	53	30	t
87	59	1	f
87	59	1	t
87	67	56	f
87	67	56	t
87	106	44	f
87	106	44	t
87	146	50	f
87	146	50	t
88	3	55	f
88	3	55	t
88	29	1	f
88	29	1	t
88	57	42	f
88	57	42	t
88	85	33	f
88	85	33	t
88	93	30	f
88	93	30	t
88	96	1	f
88	96	1	t
88	113	48	f
88	113	48	t
88	123	37	f
88	123	37	t
89	3	60	f
89	3	60	t
89	29	1	f
89	29	1	t
89	57	45	f
89	57	45	t
89	85	33	f
89	85	33	t
89	93	1	f
89	93	1	t
89	93	30	f
89	93	30	t
89	96	1	f
89	96	1	t
89	113	53	f
89	113	53	t
89	123	37	f
89	123	37	t
90	6	30	f
90	6	30	t
90	18	23	f
90	18	23	t
90	67	50	f
90	67	50	t
90	74	39	f
90	74	39	t
90	140	18	f
90	140	18	t
90	144	1	f
90	144	1	t
90	164	1	f
90	164	1	t
91	6	1	f
91	6	1	t
91	18	1	f
91	18	1	t
91	129	50	f
91	129	50	t
91	140	1	f
91	140	1	t
91	164	1	f
91	164	1	t
92	20	1	f
92	20	1	t
92	36	35	f
92	36	35	t
92	66	27	f
92	66	27	t
92	75	1	f
92	75	1	t
92	88	1	f
92	88	1	t
93	20	1	f
93	20	1	t
93	36	38	f
93	36	38	t
93	66	29	f
93	66	29	t
93	75	1	f
93	75	1	t
93	88	1	f
93	88	1	t
94	20	1	f
94	20	1	t
94	36	38	f
94	36	38	t
94	66	29	f
94	66	29	t
94	75	1	f
94	75	1	t
94	88	1	f
94	88	1	t
95	10	15	f
95	10	15	t
95	57	43	f
95	57	43	t
95	101	25	f
95	101	25	t
95	109	19	f
95	109	19	t
95	113	1	f
95	113	1	t
95	120	33	f
95	120	33	t
95	144	1	f
95	144	1	t
96	21	17	f
96	21	17	t
96	29	12	f
96	29	12	t
96	59	24	f
96	59	24	t
96	66	1	f
96	66	1	t
96	79	37	f
96	79	37	t
96	93	29	f
96	93	29	t
96	96	1	f
96	96	1	t
96	98	32	f
96	98	32	t
97	21	1	f
97	21	1	t
97	21	17	f
97	21	17	t
97	29	1	f
97	29	1	t
97	29	12	f
97	29	12	t
97	59	24	f
97	59	24	t
97	66	1	f
97	66	1	t
97	79	43	f
97	79	43	t
97	93	33	f
97	93	33	t
97	96	1	f
97	96	1	t
97	98	37	f
97	98	37	t
98	16	1	f
98	16	1	t
98	25	35	f
98	25	35	t
98	55	25	f
98	55	25	t
98	57	40	f
98	57	40	t
98	74	1	f
98	74	1	t
98	132	30	f
98	132	30	t
98	158	20	f
98	158	20	t
99	16	1	f
99	16	1	t
99	25	42	f
99	25	42	t
99	55	25	f
99	55	25	t
99	57	49	f
99	57	49	t
99	74	1	f
99	74	1	t
99	132	34	f
99	132	34	t
99	158	1	f
99	158	1	t
99	158	20	f
99	158	20	t
100	41	43	f
100	41	43	t
100	76	29	f
100	76	29	t
100	113	1	f
100	113	1	t
100	115	22	f
100	115	22	t
100	128	17	f
100	128	17	t
100	142	36	f
100	142	36	t
100	144	1	f
100	144	1	t
101	41	50	f
101	41	50	t
101	76	29	f
101	76	29	t
101	113	1	f
101	113	1	t
101	115	22	f
101	115	22	t
101	128	1	f
101	128	1	t
101	128	17	f
101	128	17	t
101	142	40	f
101	142	40	t
101	144	1	f
101	144	1	t
102	7	1	f
102	7	1	t
102	66	1	f
102	66	1	t
102	73	28	f
102	73	28	t
102	94	37	f
102	94	37	t
102	105	25	f
102	105	25	t
102	122	48	f
102	122	48	t
102	127	42	f
102	127	42	t
102	136	32	f
102	136	32	t
103	7	1	f
103	7	1	t
103	66	1	f
103	66	1	t
103	132	28	f
103	132	28	t
104	14	1	f
104	14	10	t
104	15	43	f
104	15	43	t
104	49	31	f
104	49	31	t
104	53	1	f
104	53	1	t
104	59	18	t
104	74	25	f
104	74	25	t
104	101	46	f
104	101	46	t
104	145	13	t
104	148	38	f
104	148	38	t
105	14	1	f
105	14	1	t
105	14	10	t
105	15	48	f
105	15	48	t
105	49	1	f
105	49	33	f
105	49	33	t
105	53	1	f
105	59	18	t
105	74	1	f
105	74	25	f
105	74	25	t
105	101	55	f
105	101	55	t
105	145	1	t
105	145	13	t
105	148	41	f
105	148	41	t
106	31	1	f
106	31	1	t
106	49	43	f
106	49	43	t
106	60	48	t
106	60	48	f
106	69	38	f
106	69	38	t
106	79	1	f
106	79	1	t
106	81	53	f
106	81	53	t
106	110	33	f
106	110	33	t
107	4	1	f
107	4	1	t
107	19	1	f
107	19	1	t
107	24	53	f
107	24	53	t
107	43	33	f
107	43	33	t
107	68	38	f
107	68	38	t
107	82	48	f
107	82	48	t
107	150	43	f
107	150	43	t
108	27	23	f
108	27	23	t
108	29	15	f
108	29	15	t
108	113	39	f
108	113	39	t
108	120	31	f
108	120	31	t
108	132	7	f
108	132	7	t
108	140	1	f
108	140	1	t
108	165	1	f
108	165	1	t
109	41	48	f
109	41	48	t
109	58	45	f
109	58	45	t
109	115	40	f
109	115	40	t
109	123	32	f
109	123	32	t
109	124	1	f
109	124	1	t
109	125	37	f
109	125	37	t
109	144	1	f
109	144	1	t
110	41	53	f
110	41	53	t
110	58	49	f
110	58	49	t
110	115	43	f
110	115	43	t
110	123	1	f
110	123	1	t
110	123	32	f
110	123	32	t
110	124	1	f
110	124	1	t
110	125	39	f
110	125	39	t
110	144	1	f
110	144	1	t
111	50	40	f
111	50	40	t
111	61	1	f
111	61	1	t
111	62	45	f
111	62	45	t
111	74	50	f
111	74	50	t
111	132	30	f
111	132	30	t
111	145	35	f
111	145	35	t
111	146	55	f
111	146	55	t
112	50	1	f
112	50	1	t
112	50	40	f
112	50	40	t
112	61	1	f
112	61	1	t
112	62	48	f
112	62	48	t
112	74	55	f
112	74	55	t
112	132	1	f
112	132	1	t
112	132	30	f
112	132	30	t
112	145	1	f
112	145	1	t
112	145	35	f
112	145	35	t
112	146	64	f
112	146	64	t
113	27	44	f
113	27	44	t
113	32	1	f
113	32	12	t
113	34	54	f
113	34	54	t
113	53	30	f
113	53	30	t
113	76	48	f
113	76	48	t
113	85	38	f
113	85	38	t
113	96	1	f
113	96	1	t
113	117	24	f
113	117	24	t
113	145	1	t
114	1	27	t
114	1	29	f
114	10	1	f
114	10	24	t
114	22	1	f
114	22	1	t
114	54	48	t
114	54	49	f
114	94	32	f
114	94	32	t
114	120	45	f
114	120	45	t
114	122	39	f
114	122	39	t
114	136	36	f
114	136	36	t
114	159	29	t
115	11	26	f
115	11	26	t
115	19	1	f
115	19	1	t
115	30	46	f
115	30	46	t
115	74	41	f
115	74	41	t
115	82	36	f
115	82	36	t
115	101	1	f
115	101	1	t
115	145	31	f
115	145	31	t
116	4	37	f
116	4	37	t
116	16	1	f
116	16	1	t
116	63	45	f
116	63	45	t
116	74	24	f
116	74	24	t
116	125	19	f
116	125	19	t
116	160	30	f
116	160	30	t
117	4	41	f
117	4	41	t
117	16	1	f
117	16	1	t
117	63	52	f
117	63	52	t
117	74	24	f
117	74	24	t
117	125	1	f
117	125	1	t
117	125	19	f
117	125	19	t
117	160	30	f
117	160	30	t
118	4	54	f
118	4	54	t
118	50	30	f
118	50	30	t
118	61	24	f
118	61	24	t
118	62	45	f
118	62	45	t
118	90	1	f
118	90	1	t
118	140	19	f
118	140	19	t
118	145	1	f
118	145	1	t
118	161	37	f
118	161	37	t
119	4	54	f
119	4	54	t
119	50	30	f
119	50	30	t
119	61	24	f
119	61	24	t
119	62	48	f
119	62	48	t
119	90	1	f
119	90	1	t
119	140	1	f
119	140	1	t
119	140	19	f
119	140	19	t
119	145	1	f
119	145	1	t
119	161	39	f
119	161	39	t
120	57	22	f
120	57	22	t
120	63	47	f
120	63	47	t
120	76	42	f
120	76	42	t
120	85	37	f
120	85	37	t
120	104	27	f
120	104	27	t
120	142	32	f
120	142	32	t
120	144	1	f
120	144	1	t
120	160	17	f
120	160	17	t
121	57	1	f
121	57	1	t
121	144	1	f
121	144	1	t
121	160	1	f
121	160	1	t
122	8	1	f
122	8	1	t
122	21	1	f
122	21	1	t
122	21	15	f
122	21	15	t
122	32	31	f
122	32	31	t
122	76	23	f
122	76	23	t
122	79	39	f
122	79	39	t
122	138	47	f
122	138	47	t
123	4	42	f
123	4	42	t
123	33	24	f
123	33	24	t
123	49	20	f
123	49	20	t
123	74	17	f
123	74	17	t
123	100	1	f
123	100	1	t
123	121	29	f
123	121	29	t
123	143	35	f
123	143	35	t
123	163	50	t
124	12	58	f
124	12	58	t
124	13	39	f
124	13	39	t
124	32	23	f
124	32	23	t
124	68	31	f
124	68	31	t
124	75	18	f
124	75	18	t
124	77	1	f
124	77	1	t
124	96	1	f
124	96	1	t
124	148	47	f
124	148	47	t
125	74	1	f
125	74	1	t
125	76	49	f
125	76	49	t
125	100	1	f
125	100	1	t
125	113	37	f
125	113	37	t
125	149	54	f
125	149	54	t
125	150	42	f
125	150	42	t
125	151	34	f
125	151	34	t
126	20	39	f
126	20	39	t
126	40	1	f
126	40	1	t
126	43	43	f
126	43	43	t
126	46	55	f
126	46	55	t
126	74	36	f
126	74	36	t
126	124	52	f
126	124	52	t
126	125	48	f
126	125	48	t
127	10	21	t
127	49	36	f
127	49	36	t
127	55	30	f
127	55	30	t
127	57	43	f
127	57	43	t
127	114	25	f
127	114	25	t
127	121	49	f
127	121	49	t
127	143	54	f
127	143	54	t
127	158	1	f
127	158	1	t
128	74	35	f
128	74	35	t
128	101	44	f
128	101	44	t
128	132	21	f
128	132	21	t
128	144	1	f
128	144	1	t
128	145	28	f
128	145	28	t
128	146	51	f
128	146	51	t
129	130	1	f
129	130	1	t
129	144	15	f
129	144	15	t
130	11	1	f
130	11	20	f
130	11	20	t
130	35	1	f
130	35	25	f
130	35	25	t
130	63	1	f
130	63	41	f
130	63	41	t
130	64	52	f
130	64	52	t
130	74	1	f
130	74	32	f
130	74	32	t
130	144	1	t
131	13	25	f
131	13	25	t
131	20	31	f
131	20	31	t
131	53	1	f
131	53	1	t
131	63	46	f
131	63	46	t
131	67	38	f
131	67	38	t
131	87	20	f
131	87	20	t
131	117	16	f
131	117	16	t
131	160	1	f
131	160	1	t
132	155	1	f
132	155	1	t
133	11	30	t
133	11	37	f
133	49	36	t
133	53	16	t
133	100	23	t
133	100	27	f
133	111	1	f
133	111	8	t
133	144	1	f
133	144	1	t
133	145	1	t
133	145	31	f
133	146	42	t
133	146	45	f
134	3	42	f
134	3	47	t
134	6	36	t
134	11	30	t
134	11	40	f
134	58	42	t
134	58	44	f
134	63	52	t
134	63	54	f
134	87	48	f
134	100	1	f
134	100	1	t
134	100	23	t
134	100	27	f
134	111	1	f
134	111	8	t
134	144	1	f
134	144	1	t
134	145	1	t
134	145	37	f
134	160	1	f
134	160	1	t
134	160	16	t
134	160	31	f
135	4	44	f
135	4	47	t
135	31	30	t
135	31	42	f
135	92	36	t
135	92	48	f
135	100	1	f
135	100	1	t
135	100	23	t
135	100	27	f
135	111	1	f
135	111	8	t
135	144	1	f
135	144	1	t
135	145	1	t
135	145	37	f
135	149	52	t
135	149	54	f
135	151	1	f
135	151	1	t
135	151	16	t
135	151	31	f
135	152	40	f
135	152	42	t
136	11	30	t
136	11	40	f
136	40	1	f
136	40	1	t
136	40	16	t
136	40	31	f
136	44	36	t
136	44	44	f
136	46	52	t
136	46	54	f
136	74	42	f
136	74	47	t
136	100	1	f
136	100	1	t
136	100	23	t
136	100	27	f
136	101	48	f
136	111	1	f
136	111	8	t
136	124	42	t
136	144	1	f
136	144	1	t
136	145	1	t
136	145	37	f
137	4	35	f
137	4	35	t
137	23	1	f
137	23	1	t
137	97	23	f
137	97	23	t
137	104	28	f
137	104	28	t
137	116	1	f
137	116	1	t
137	144	1	f
137	144	1	t
137	156	42	f
137	156	42	t
138	61	34	f
138	61	34	t
138	63	53	f
138	63	53	t
138	74	39	f
138	74	39	t
138	129	46	f
138	129	46	t
138	160	1	f
138	160	1	t
138	164	1	f
138	164	1	t
139	61	1	f
139	61	1	t
139	61	34	f
139	61	34	t
139	63	49	f
139	63	49	t
139	74	39	f
139	74	39	t
139	129	44	f
139	129	44	t
139	160	1	f
139	160	1	t
139	164	1	f
139	164	1	t
140	1	34	f
140	1	34	t
140	57	1	f
140	57	1	t
140	63	49	f
140	63	49	t
140	74	44	f
140	74	44	t
140	112	1	f
140	112	1	t
140	121	39	f
140	121	39	t
141	1	1	f
141	1	1	t
141	1	34	f
141	1	34	t
141	57	1	f
141	57	1	t
141	63	53	f
141	63	53	t
141	74	46	f
141	74	46	t
141	112	1	f
141	112	1	t
141	121	39	f
141	121	39	t
142	4	1	f
142	4	1	t
142	11	38	f
142	11	38	t
142	64	54	f
142	64	54	t
142	140	33	f
142	140	33	t
142	146	45	f
142	146	45	t
142	163	1	f
142	163	1	t
143	5	1	f
143	5	1	t
143	13	35	f
143	13	35	t
143	34	48	f
143	34	48	t
143	57	41	f
143	57	41	t
143	59	1	f
143	59	1	t
143	64	56	f
143	64	56	t
143	106	1	f
143	106	1	t
144	4	55	f
144	4	55	t
144	12	51	f
144	12	51	t
144	67	1	f
144	67	1	t
144	87	60	f
144	87	60	t
144	90	1	f
144	90	1	t
145	4	55	f
145	4	55	t
145	37	1	f
145	37	1	t
145	76	60	f
145	76	60	t
145	149	51	f
145	149	51	t
145	151	1	f
145	151	1	t
146	4	55	f
146	4	55	t
146	44	1	f
146	44	1	t
146	74	51	f
146	74	51	t
146	90	1	f
146	90	1	t
146	119	60	f
146	119	60	t
147	4	20	f
147	4	20	t
147	35	40	f
147	35	40	t
147	64	50	f
147	64	50	t
147	74	1	f
147	74	1	t
147	120	30	f
147	120	30	t
147	152	10	f
147	152	10	t
147	165	1	f
147	165	1	t
148	4	20	f
148	4	20	t
148	35	45	f
148	35	45	t
148	64	55	f
148	64	55	t
148	74	1	f
148	74	1	t
148	120	35	f
148	120	35	t
148	152	1	f
148	152	1	t
148	152	10	f
148	152	10	t
148	165	1	f
148	165	1	t
149	4	1	f
149	4	1	t
149	4	20	f
149	4	20	t
149	35	45	f
149	35	45	t
149	64	60	f
149	64	60	t
149	74	1	f
149	74	1	t
149	120	35	f
149	120	35	t
149	152	1	f
149	152	1	t
149	152	10	f
149	152	10	t
149	165	1	f
149	165	1	t
150	5	81	f
150	5	81	t
150	8	63	f
150	8	63	t
150	21	1	f
150	21	1	t
150	29	1	f
150	29	1	t
150	87	75	f
150	87	75	t
150	98	1	f
150	98	1	t
150	98	66	f
150	98	66	t
150	104	70	f
150	104	70	t
150	142	1	f
150	142	1	t
151	82	20	f
151	82	20	t
151	83	30	f
151	83	30	t
151	96	1	f
151	96	1	t
151	98	40	f
151	98	40	t
151	155	10	f
151	155	10	t
\.


--
-- TOC entry 5059 (class 0 OID 16429)
-- Dependencies: 222
-- Data for Name: gen1_moves; Type: TABLE DATA; Schema: public; Owner: postgres
--

COPY public.gen1_moves (id, name, type, category, power, accuracy, pp, yellow_only) FROM stdin;
51	Fury Swipes	NORMAL	Physical	18	80	15	\N
52	Glare	NORMAL	Status	0	75	30	\N
53	Growl	NORMAL	Status	0	100	40	\N
54	Growth	NORMAL	Status	0	0	40	\N
55	Guillotine	NORMAL	Physical	0	30	5	\N
56	Gust	NORMAL	Physical	40	100	35	\N
57	Harden	NORMAL	Status	0	0	30	\N
58	Haze	ICE	Status	0	0	30	\N
59	Headbutt	NORMAL	Physical	70	100	15	\N
60	High Jump Kick	FIGHTING	Physical	85	90	20	\N
61	Horn Attack	NORMAL	Physical	65	100	25	\N
62	Horn Drill	NORMAL	Physical	0	30	5	\N
63	Hydro Pump	WATER	Special	120	80	5	\N
64	Hyper Beam	NORMAL	Physical	150	90	5	\N
65	Hyper Fang	NORMAL	Physical	80	90	15	\N
66	Hypnosis	PSYCHIC	Status	0	60	20	\N
67	Ice Beam	ICE	Special	95	100	10	\N
68	Ice Punch	ICE	Special	75	100	15	\N
69	Jump Kick	FIGHTING	Physical	70	95	25	\N
70	Karate Chop	NORMAL	Physical	50	100	25	\N
71	Kinesis	PSYCHIC	Status	0	80	15	\N
72	Leech Life	BUG	Physical	20	100	15	\N
73	Leech Seed	GRASS	Status	0	90	10	\N
74	Leer	NORMAL	Status	0	100	30	\N
75	Lick	GHOST	Physical	20	100	30	\N
76	Light Screen	PSYCHIC	Status	0	0	30	\N
77	Lovely Kiss	NORMAL	Status	0	75	10	\N
78	Low Kick	FIGHTING	Physical	50	90	20	\N
79	Meditate	PSYCHIC	Status	0	0	40	\N
80	Mega Drain	GRASS	Special	40	100	10	\N
81	Mega Kick	NORMAL	Physical	120	75	5	\N
82	Mega Punch	NORMAL	Physical	80	85	20	\N
83	Metronome	NORMAL	Status	0	0	10	\N
84	Mimic	NORMAL	Status	0	100	10	\N
85	Minimize	NORMAL	Status	0	0	20	\N
86	Mirror Move	FLYING	Status	0	0	20	\N
87	Mist	ICE	Status	0	0	30	\N
88	Night Shade	GHOST	Physical	1	100	15	\N
89	Pay Day	NORMAL	Physical	40	100	20	\N
90	Peck	FLYING	Physical	35	100	35	\N
91	Petal Dance	GRASS	Special	70	100	20	\N
92	Pin Missile	BUG	Physical	14	85	20	\N
93	Poison Gas	POISON	Status	0	55	40	\N
94	Poison Powder	POISON	Status	0	75	35	\N
95	Poison Sting	POISON	Physical	15	100	35	\N
96	Pound	NORMAL	Physical	40	100	35	\N
97	Psybeam	PSYCHIC	Special	65	100	20	\N
98	Psychic	PSYCHIC	Special	90	100	10	\N
99	Psywave	PSYCHIC	Special	1	80	15	\N
100	Quick Attack	NORMAL	Physical	40	100	30	\N
101	Rage	NORMAL	Physical	20	100	20	\N
102	Razor Leaf	GRASS	Special	55	95	25	\N
103	Razor Wind	NORMAL	Physical	80	75	10	\N
104	Recover	NORMAL	Status	0	0	20	\N
105	Reflect	PSYCHIC	Status	0	0	20	\N
106	Rest	PSYCHIC	Status	0	0	10	\N
107	Roar	NORMAL	Status	0	100	20	\N
108	Rock Slide	ROCK	Physical	75	90	10	\N
109	Rock Throw	ROCK	Physical	50	65	15	\N
110	Rolling Kick	FIGHTING	Physical	60	85	15	\N
111	Sand Attack	NORMAL	Status	0	100	15	\N
112	Scratch	NORMAL	Physical	40	100	35	\N
113	Screech	NORMAL	Status	0	85	40	\N
114	Seismic Toss	FIGHTING	Physical	1	100	20	\N
115	Self-Destruct	NORMAL	Physical	130	100	5	\N
116	Sharpen	NORMAL	Status	0	0	30	\N
117	Sing	NORMAL	Status	0	55	15	\N
118	Skull Bash	NORMAL	Physical	100	100	15	\N
119	Sky Attack	FLYING	Physical	140	90	5	\N
120	Slam	NORMAL	Physical	80	75	20	\N
121	Slash	NORMAL	Physical	70	100	20	\N
122	Sleep Powder	GRASS	Status	0	75	15	\N
123	Sludge	POISON	Physical	65	100	20	\N
124	Smog	POISON	Physical	20	70	20	\N
125	Smokescreen	NORMAL	Status	0	100	20	\N
126	Soft-Boiled	NORMAL	Status	0	0	10	\N
127	Solar Beam	GRASS	Special	120	100	10	\N
128	Sonic Boom	NORMAL	Physical	1	90	20	\N
129	Spike Cannon	NORMAL	Physical	20	100	15	\N
130	Splash	NORMAL	Status	0	0	40	\N
131	Spore	GRASS	Status	0	100	15	\N
132	Stomp	NORMAL	Physical	65	100	20	\N
133	Strength	NORMAL	Physical	80	100	15	\N
134	String Shot	BUG	Status	0	95	40	\N
135	Struggle	NORMAL	Physical	50	100	10	\N
136	Stun Spore	GRASS	Status	0	75	30	\N
137	Submission	FIGHTING	Physical	80	80	25	\N
138	Substitute	NORMAL	Status	0	0	10	\N
139	Super Fang	NORMAL	Physical	1	90	10	\N
140	Supersonic	NORMAL	Status	0	55	20	\N
141	Surf	WATER	Special	95	100	15	\N
142	Swift	NORMAL	Physical	60	0	20	\N
143	Swords Dance	NORMAL	Status	0	0	30	\N
144	Tackle	NORMAL	Physical	35	95	35	\N
145	Tail Whip	NORMAL	Status	0	100	30	\N
146	Take Down	NORMAL	Physical	90	85	20	\N
147	Teleport	PSYCHIC	Status	0	0	20	\N
148	Thrash	NORMAL	Physical	90	100	20	\N
149	Thunder	ELECTRIC	Special	120	70	10	\N
150	Thunder Punch	ELECTRIC	Special	75	100	15	\N
151	Thunder Shock	ELECTRIC	Special	40	100	30	\N
152	Thunder Wave	ELECTRIC	Status	0	100	20	\N
153	Thunderbolt	ELECTRIC	Special	95	100	15	\N
154	Toxic	POISON	Status	0	85	10	\N
155	Transform	NORMAL	Status	0	0	10	\N
156	Tri Attack	NORMAL	Physical	80	100	10	\N
157	Twineedle	BUG	Physical	25	100	20	\N
1	Absorb	GRASS	Special	20	100	20	\N
2	Acid	POISON	Physical	40	100	30	\N
3	Acid Armor	POISON	Status	0	0	40	\N
4	Agility	PSYCHIC	Status	0	0	30	\N
5	Amnesia	PSYCHIC	Status	0	0	20	\N
6	Aurora Beam	ICE	Special	65	100	20	\N
7	Barrage	NORMAL	Physical	15	85	20	\N
8	Barrier	PSYCHIC	Status	0	0	30	\N
9	Bide	NORMAL	Physical	0	0	10	\N
10	Bind	NORMAL	Physical	15	75	20	\N
11	Bite	NORMAL	Physical	60	100	25	\N
12	Blizzard	ICE	Special	120	90	5	\N
13	Body Slam	NORMAL	Physical	85	100	15	\N
14	Bone Club	GROUND	Physical	65	85	20	\N
15	Bonemerang	GROUND	Physical	50	90	10	\N
16	Bubble	WATER	Special	20	100	30	\N
17	Bubble Beam	WATER	Special	65	100	20	\N
18	Clamp	WATER	Special	35	75	10	\N
19	Comet Punch	NORMAL	Physical	18	85	15	\N
20	Confuse Ray	GHOST	Status	0	100	10	\N
21	Confusion	PSYCHIC	Special	50	100	25	\N
22	Constrict	NORMAL	Physical	10	100	35	\N
23	Conversion	NORMAL	Status	0	0	30	\N
24	Counter	FIGHTING	Physical	1	100	20	\N
25	Crabhammer	WATER	Special	90	85	10	\N
26	Cut	NORMAL	Physical	50	95	30	\N
27	Defense Curl	NORMAL	Status	0	0	40	\N
28	Dig	GROUND	Physical	100	100	10	\N
29	Disable	NORMAL	Status	0	55	20	\N
30	Dizzy Punch	NORMAL	Physical	70	100	10	\N
31	Double Kick	FIGHTING	Physical	30	100	30	\N
32	Double Slap	NORMAL	Physical	15	85	10	\N
33	Double Team	NORMAL	Status	0	0	15	\N
34	Double-Edge	NORMAL	Physical	100	100	15	\N
35	Dragon Rage	DRAGON	Special	1	100	10	\N
36	Dream Eater	PSYCHIC	Special	100	100	15	\N
37	Drill Peck	FLYING	Physical	80	100	20	\N
38	Earthquake	GROUND	Physical	100	100	10	\N
39	Egg Bomb	NORMAL	Physical	100	75	10	\N
40	Ember	FIRE	Special	40	100	25	\N
41	Explosion	NORMAL	Physical	170	100	5	\N
42	Fire Blast	FIRE	Special	120	85	5	\N
43	Fire Punch	FIRE	Special	75	100	15	\N
44	Fire Spin	FIRE	Special	15	70	15	\N
45	Fissure	GROUND	Physical	0	30	5	\N
46	Flamethrower	FIRE	Special	95	100	15	\N
47	Flash	NORMAL	Status	0	70	20	\N
48	Fly	FLYING	Physical	70	95	15	\N
49	Focus Energy	NORMAL	Status	0	0	30	\N
50	Fury Attack	NORMAL	Physical	15	85	20	\N
158	Vice Grip	NORMAL	Physical	55	100	30	\N
159	Vine Whip	GRASS	Special	35	100	10	\N
160	Water Gun	WATER	Special	40	100	25	\N
161	Waterfall	WATER	Special	80	100	15	\N
162	Whirlwind	NORMAL	Status	0	85	20	\N
163	Wing Attack	FLYING	Physical	35	100	35	\N
164	Withdraw	WATER	Status	0	0	40	\N
165	Wrap	NORMAL	Physical	15	85	20	\N
\.


--
-- TOC entry 5065 (class 0 OID 16610)
-- Dependencies: 228
-- Data for Name: gen1_places; Type: TABLE DATA; Schema: public; Owner: postgres
--

COPY public.gen1_places (location_id, location_name) FROM stdin;
1	Route_1
2	Route_2
3	Route_3
4	Route_4
5	Route_5
6	Route_6
7	Route_7
8	Route_8
9	Route_9
10	Route_10
11	Route_11
12	Route_12
13	Route_13
14	Route_14
15	Route_15
16	Route_16
17	Route_17
18	Route_18
19	Route_19
20	Route_20
21	Route_21
22	Route_22
23	Route_23
24	Route_24
25	Route_25
26	Cerulean_cave
27	Cerulean_city
28	Cinnabar_island
29	Celadon_city
30	Digletts_cave
31	Fuchsia_city
32	Indigo_plateau
33	Lavender_town
34	Mt_moon
35	Pallet_town
36	Pewter_city
37	Pokemon_mansion
38	Pokemon_tower
39	Power_plant
40	Rock_tunnel
41	Rocket_hideout
42	Safari_zone
43	Saffron_city
44	Seafoam_islands
45	Silph_co
46	Ss_anne
47	Underground_path_5_6
48	Underground_path_7_8
49	Vermilion_city
50	Victory_road
51	Viridian_city
52	Viridian_forest
\.


--
-- TOC entry 5063 (class 0 OID 16582)
-- Dependencies: 226
-- Data for Name: gen1_tm_learnsets; Type: TABLE DATA; Schema: public; Owner: postgres
--

COPY public.gen1_tm_learnsets (pokemon_id, tm_id, is_yellow_only) FROM stdin;
35	35	f
54	31	f
30	12	f
24	54	f
118	31	f
91	11	f
98	10	f
101	39	f
117	6	f
31	44	f
97	19	f
107	50	f
57	39	f
3	33	f
80	18	f
39	31	f
5	9	f
99	14	f
125	9	f
112	24	f
95	32	f
65	17	f
91	12	f
37	31	f
136	44	f
47	34	f
7	54	f
55	15	f
46	9	f
9	20	f
81	10	f
100	6	f
90	50	f
56	28	f
97	49	f
33	40	f
28	17	f
88	34	f
22	31	f
54	12	f
5	39	f
99	44	f
7	5	f
142	31	f
108	9	f
125	39	f
118	12	f
112	54	f
20	15	f
78	32	f
31	25	f
84	43	f
30	34	f
104	18	f
29	9	f
114	21	f
9	50	f
130	13	f
83	6	f
146	52	f
73	50	f
112	5	f
147	6	f
149	10	f
71	34	f
5	31	f
143	24	f
47	15	f
24	27	f
82	44	f
9	1	f
95	54	f
3	15	f
61	32	f
121	49	f
151	27	f
3	44	f
46	31	f
12	9	f
114	51	f
40	11	f
28	48	f
76	9	f
56	50	f
65	28	f
149	2	f
8	18	f
54	34	f
145	20	f
9	31	f
98	13	f
117	9	f
51	6	f
56	1	f
73	31	f
146	33	f
26	24	f
45	20	f
71	15	f
24	8	f
108	20	f
61	13	f
149	32	f
1	21	f
91	53	f
134	6	f
128	20	f
55	18	f
145	50	f
2	34	f
100	9	f
117	39	f
56	31	f
75	27	f
124	29	f
28	20	f
35	19	f
22	34	f
119	6	f
7	8	f
108	12	f
135	45	f
143	26	f
65	50	f
63	9	f
16	2	f
1	51	f
127	9	f
141	10	f
131	54	f
9	53	f
100	39	f
151	29	f
76	20	f
53	32	f
28	50	f
32	20	f
35	49	f
149	13	f
143	27	f
102	6	f
145	31	f
61	35	f
33	24	f
144	31	f
69	22	f
124	10	f
150	5	f
22	15	f
39	45	f
80	32	f
28	51	f
83	39	f
93	42	f
36	32	f
112	38	f
147	39	f
138	33	f
65	31	f
31	9	f
34	16	f
85	6	f
102	36	f
9	34	f
101	45	f
117	12	f
100	20	f
63	31	f
73	34	f
80	33	f
6	6	f
141	32	f
107	10	f
136	9	f
96	29	f
121	33	f
48	31	f
115	13	f
67	27	f
74	26	f
134	9	f
68	6	f
27	19	f
144	12	f
69	3	f
151	11	f
72	51	f
97	5	f
104	32	f
57	25	f
28	32	f
83	20	f
56	34	f
36	13	f
96	30	f
147	20	f
109	6	f
119	9	f
145	4	f
125	45	f
9	15	f
78	38	f
31	31	f
73	15	f
50	27	f
99	10	f
26	8	f
122	17	f
134	39	f
59	30	f
141	13	f
151	41	f
87	32	f
80	5	f
97	35	f
40	25	f
136	40	f
38	9	f
147	50	f
102	9	f
119	39	f
145	34	f
72	32	f
51	20	f
82	10	f
124	13	f
70	32	f
150	8	f
77	6	f
148	33	f
18	2	f
119	40	f
21	9	f
31	12	f
50	8	f
85	9	f
128	34	f
55	32	f
87	13	f
40	6	f
151	13	f
53	16	f
6	9	f
28	34	f
35	33	f
143	11	f
96	32	f
108	26	f
61	19	f
126	10	f
8	54	f
33	8	f
134	12	f
151	14	f
3	31	f
111	34	f
140	33	f
42	2	f
147	23	f
6	39	f
8	5	f
18	33	f
91	10	f
119	12	f
102	20	f
79	32	f
128	15	f
55	13	f
105	27	f
9	18	f
3	32	f
58	20	f
122	20	f
59	33	f
151	44	f
113	30	f
76	26	f
35	5	f
150	10	f
147	53	f
65	45	f
74	10	f
1	8	f
27	3	f
85	20	f
7	44	f
62	32	f
139	17	f
130	11	f
57	9	f
64	8	f
120	55	f
83	4	f
63	45	f
146	50	f
122	50	f
148	45	f
80	38	f
79	13	f
125	29	f
105	8	f
32	6	f
143	13	f
104	17	f
31	15	f
57	10	f
115	27	f
122	1	f
68	20	f
20	34	f
87	16	f
94	15	f
81	30	f
40	9	f
2	51	f
113	11	f
56	48	f
79	14	f
96	44	f
147	34	f
124	46	f
54	32	f
77	39	f
34	11	f
109	20	f
62	13	f
88	8	f
15	6	f
98	11	f
57	40	f
122	31	f
59	6	f
134	53	f
3	34	f
80	19	f
130	33	f
5	10	f
23	9	f
49	4	f
125	10	f
151	46	f
79	44	f
8	8	f
115	8	f
37	32	f
92	20	f
143	44	f
68	1	f
55	16	f
51	34	f
135	8	f
97	50	f
35	17	f
12	29	f
150	22	f
77	20	f
80	49	f
103	15	f
7	6	f
106	44	f
108	10	f
36	49	f
78	33	f
138	50	f
31	26	f
34	33	f
104	19	f
29	10	f
130	14	f
80	50	f
96	17	f
6	23	f
60	20	f
143	25	f
79	16	f
89	44	f
96	46	f
105	11	f
32	9	f
39	8	f
108	40	f
44	3	f
121	50	f
151	28	f
111	48	f
12	10	f
113	14	f
130	44	f
139	50	f
36	30	f
137	34	f
21	4	f
8	19	f
34	14	f
85	4	f
79	46	f
98	14	f
41	4	f
44	33	f
58	34	f
104	50	f
31	48	f
63	29	f
122	34	f
107	8	f
29	32	f
84	20	f
113	44	f
106	17	f
89	25	f
25	16	f
95	36	f
150	24	f
121	31	f
48	29	f
149	33	f
115	11	f
1	22	f
34	44	f
27	17	f
62	46	f
55	19	f
15	39	f
98	44	f
117	40	f
36	11	f
16	52	f
137	15	f
25	17	f
124	30	f
35	20	f
52	50	f
150	25	f
8	50	f
72	50	f
104	31	f
57	24	f
74	54	f
122	15	f
68	34	f
81	44	f
113	25	f
83	10	f
66	18	f
151	30	f
19	11	f
79	28	f
6	26	f
18	20	f
35	50	f
149	14	f
150	55	f
26	1	f
109	34	f
89	47	f
105	14	f
87	31	f
33	25	f
40	24	f
57	54	f
59	20	f
124	11	f
67	1	f
150	6	f
64	44	f
83	40	f
148	31	f
36	33	f
147	40	f
72	31	f
15	21	f
18	50	f
34	17	f
60	53	f
128	32	f
105	44	f
81	25	f
63	32	f
50	51	t
94	1	f
40	54	f
42	20	f
59	50	f
141	33	f
133	6	f
150	36	f
77	34	f
143	9	f
123	50	f
103	29	f
66	40	f
108	24	f
131	31	f
61	17	f
55	31	f
115	14	f
15	51	f
33	6	f
134	10	f
111	32	f
139	34	f
36	14	f
23	54	f
96	31	f
42	50	f
90	11	f
124	33	f
116	6	f
60	34	f
126	9	f
106	50	f
79	30	f
39	22	f
112	15	f
16	6	f
115	44	f
122	18	f
134	40	f
65	8	f
27	50	f
138	10	f
70	3	f
84	4	f
94	32	f
128	54	f
141	14	f
151	42	f
123	31	f
83	51	f
131	12	f
19	14	f
36	44	f
79	31	f
38	10	f
25	50	f
32	24	f
43	34	f
72	33	f
88	25	f
139	15	f
25	1	f
42	31	f
124	14	f
141	44	f
70	33	f
84	34	f
77	7	f
130	50	f
150	9	f
23	26	f
106	31	f
49	21	f
148	34	f
19	44	f
133	8	f
21	10	f
38	40	f
57	8	f
85	10	f
68	18	f
27	31	f
100	24	f
135	25	f
137	29	f
6	10	f
25	31	f
124	44	f
35	34	f
12	46	f
133	9	f
89	31	f
103	32	f
88	6	f
61	20	f
4	10	f
87	15	f
115	17	f
40	8	f
34	50	f
68	10	f
85	40	f
98	50	f
64	28	f
30	6	f
130	31	f
49	2	f
135	55	f
36	17	f
94	34	f
62	12	f
6	40	f
107	44	f
8	6	f
18	34	f
133	39	f
34	1	f
86	32	f
146	15	f
105	28	f
39	25	f
71	6	f
81	9	f
44	20	f
61	50	f
99	8	f
4	40	f
135	6	f
23	8	f
40	38	f
68	40	f
59	34	f
151	45	f
94	35	f
113	31	f
131	15	f
61	1	f
90	44	f
116	39	f
75	18	f
34	31	f
98	31	f
64	9	f
41	21	f
44	50	f
63	46	f
118	6	f
112	48	f
16	39	f
42	34	f
150	12	f
133	20	f
86	13	f
66	54	f
114	15	f
105	9	f
32	7	f
39	6	f
140	10	f
149	50	f
17	31	f
27	34	f
151	26	f
128	38	f
81	31	f
40	10	f
47	9	f
113	12	f
66	5	f
137	32	f
96	45	f
25	34	f
131	46	f
32	8	f
77	40	f
116	20	f
62	14	f
97	15	f
22	6	f
98	12	f
41	2	f
44	31	f
21	43	f
142	6	f
122	32	f
85	43	f
42	15	f
111	38	f
94	46	f
23	10	f
30	9	f
40	40	f
66	35	f
53	50	f
19	28	f
120	32	f
79	45	f
60	40	f
92	21	f
99	20	f
62	44	f
55	17	f
105	31	f
71	9	f
5	6	f
61	53	f
41	32	f
135	9	f
67	18	f
113	34	f
20	11	f
23	40	f
46	6	f
36	50	f
110	6	f
56	25	f
112	10	f
34	34	f
45	44	f
54	9	f
84	49	f
135	39	f
36	1	f
94	18	f
120	13	f
25	45	f
73	6	f
127	3	f
86	16	f
103	46	f
105	12	f
39	9	f
19	50	f
61	34	f
110	36	f
115	31	f
40	22	f
17	34	f
28	44	f
94	19	f
113	15	f
66	8	f
118	39	f
36	31	f
2	9	f
56	6	f
8	20	f
150	45	f
109	24	f
43	21	f
34	15	f
62	17	f
22	9	f
44	34	f
4	54	f
93	36	f
135	20	f
112	32	f
122	35	f
68	54	f
91	20	f
113	45	f
66	38	f
131	29	f
9	28	f
19	31	f
4	5	f
115	12	f
92	24	f
116	53	f
43	51	f
68	5	f
75	32	f
145	52	f
22	39	f
139	32	f
142	39	f
118	20	f
124	31	f
90	9	f
20	14	f
144	6	f
39	20	f
2	31	f
139	33	f
112	13	f
99	53	f
65	6	f
68	35	f
55	50	f
81	45	f
9	9	f
101	20	f
19	12	f
79	29	f
6	27	f
107	31	f
73	9	f
90	39	f
43	32	f
127	6	f
20	44	f
146	2	f
39	12	f
97	29	f
22	20	f
142	20	f
75	54	f
48	6	f
70	31	f
64	45	f
148	32	f
109	36	f
36	34	f
62	29	f
120	46	f
90	31	f
56	9	f
26	32	f
146	32	f
58	38	f
125	20	f
84	33	f
40	55	f
31	6	f
12	44	f
67	32	f
20	25	f
46	20	f
97	10	f
92	36	f
19	34	f
131	32	f
4	8	f
110	20	f
56	39	f
8	53	f
75	35	f
34	48	f
28	28	f
136	6	f
36	15	f
90	12	f
50	32	f
144	9	f
114	32	f
105	26	f
99	6	f
4	38	f
93	20	f
110	50	f
125	1	f
112	16	f
138	11	f
65	9	f
68	38	f
148	14	f
87	34	f
113	29	f
9	12	f
118	53	f
137	49	f
30	25	f
73	12	f
56	20	f
26	5	f
109	38	f
126	40	f
144	39	f
62	31	f
28	9	f
97	32	f
82	6	f
142	23	f
108	1	f
121	11	f
48	9	f
42	32	f
131	14	f
67	5	f
70	34	f
91	34	f
49	22	f
140	8	f
117	20	f
120	49	f
146	44	f
75	8	f
45	31	f
5	23	f
118	34	f
25	32	f
131	44	f
67	35	f
1	32	f
74	34	f
77	38	f
150	40	f
20	28	f
27	27	f
103	33	f
144	20	f
22	4	f
116	9	f
151	10	f
142	4	f
76	1	f
75	38	f
65	20	f
28	31	f
64	29	f
30	7	f
7	19	f
138	13	f
72	10	f
91	6	f
101	34	f
120	30	f
114	44	f
116	10	f
133	40	f
26	16	f
127	20	f
80	13	f
99	9	f
106	8	f
142	34	f
112	19	f
115	48	f
95	27	f
138	14	f
48	20	f
94	36	f
149	24	f
136	39	f
20	9	f
121	13	f
74	6	f
97	44	f
116	40	f
75	19	f
34	32	f
69	33	f
139	19	f
64	10	f
125	34	f
118	7	f
20	10	f
138	44	f
31	20	f
3	9	f
86	14	f
104	13	f
75	20	f
57	6	f
130	8	f
140	11	f
38	44	f
110	34	f
17	32	f
94	17	f
136	20	f
47	10	f
143	19	f
82	39	f
20	40	f
137	33	f
134	20	f
151	22	f
62	15	f
12	4	f
75	50	f
117	53	f
21	44	f
93	34	f
78	8	f
147	31	f
94	47	f
119	20	f
30	10	f
47	40	f
136	50	f
145	15	f
49	6	f
72	13	f
9	26	f
98	8	f
120	33	f
26	19	f
45	15	f
69	44	f
80	16	f
39	29	f
71	10	f
97	46	f
82	20	f
4	44	f
76	34	f
35	13	f
67	19	f
74	18	f
119	50	f
20	12	f
30	40	f
144	4	f
117	34	f
139	31	f
99	51	f
147	12	f
28	15	f
35	14	f
52	44	f
54	10	f
80	46	f
84	50	f
135	40	f
57	18	f
141	5	f
39	10	f
140	14	f
100	34	f
151	24	f
76	15	f
6	20	f
35	44	f
111	50	f
149	8	f
37	10	f
54	40	f
7	33	f
67	50	f
118	40	f
117	15	f
15	20	f
43	22	f
124	5	f
127	34	f
22	10	f
39	40	f
80	27	f
140	44	f
125	18	f
52	16	f
94	50	f
37	40	f
101	40	f
19	32	f
74	20	f
151	5	f
146	31	f
53	8	f
15	50	f
6	1	f
59	44	f
123	44	f
7	14	f
108	18	f
61	11	f
84	52	f
43	3	f
119	53	f
151	6	f
46	10	f
49	39	f
104	27	f
2	32	f
57	20	f
28	27	f
112	14	f
99	54	f
54	13	f
5	40	f
136	34	f
125	40	f
9	10	f
114	31	f
73	10	f
134	34	f
27	44	f
103	50	f
141	8	f
151	36	f
46	40	f
97	30	f
76	18	f
147	45	f
149	11	f
119	34	f
30	24	f
49	20	f
9	40	f
57	1	f
51	15	f
56	10	f
73	40	f
26	33	f
124	8	f
86	50	f
29	40	f
80	30	f
76	48	f
95	44	f
143	5	f
138	31	f
65	29	f
31	7	f
102	34	f
121	30	f
46	21	f
9	32	f
131	33	f
123	6	f
151	8	f
53	11	f
56	40	f
75	36	f
69	50	f
22	43	f
143	6	f
5	51	f
7	17	f
142	43	f
145	10	f
67	34	f
98	3	f
61	14	f
78	44	f
126	5	f
63	18	f
57	32	f
85	34	f
86	31	f
46	51	f
39	24	f
80	11	f
130	25	f
106	6	f
93	21	f
151	38	f
112	17	f
26	55	f
138	12	f
65	10	f
119	7	f
54	54	f
143	36	f
79	27	f
145	2	f
128	10	f
55	8	f
108	51	f
9	13	f
101	24	f
61	44	f
137	50	f
63	10	f
33	33	f
40	32	f
59	28	f
141	11	f
69	31	f
151	39	f
12	21	f
97	33	f
89	6	f
96	8	f
121	12	f
48	10	f
65	40	f
31	18	f
1	3	f
34	25	f
85	15	f
145	32	f
104	11	f
130	6	f
140	9	f
44	44	f
120	50	f
63	40	f
16	33	f
96	9	f
122	45	f
52	31	f
24	20	f
79	8	f
125	24	f
108	32	f
35	30	f
95	47	f
143	8	f
31	10	f
149	44	f
74	35	f
1	33	f
33	14	f
102	37	f
27	28	f
59	9	f
87	11	f
12	2	f
113	6	f
123	9	f
51	48	f
35	31	f
8	11	f
5	54	f
30	8	f
34	6	f
7	20	f
24	50	f
72	11	f
125	54	f
98	6	f
126	8	f
143	38	f
31	40	f
57	35	f
26	17	f
42	9	f
52	12	f
29	24	f
80	14	f
5	5	f
81	55	f
106	9	f
123	39	f
125	5	f
148	12	f
76	32	f
53	44	f
79	39	f
89	8	f
48	21	f
149	25	f
7	50	f
55	11	f
108	54	f
121	14	f
128	13	f
81	6	f
145	43	f
144	52	f
126	38	f
117	32	f
97	45	f
56	24	f
59	31	f
25	9	f
127	51	f
35	12	f
150	17	f
54	8	f
80	44	f
103	10	f
7	1	f
106	39	f
108	5	f
125	35	f
112	50	f
44	6	f
8	33	f
3	10	f
104	14	f
121	44	f
130	9	f
83	2	f
100	32	f
53	25	f
56	54	f
6	18	f
52	34	f
37	8	f
143	20	f
79	11	f
7	31	f
76	54	f
67	48	f
105	6	f
95	50	f
126	19	f
121	45	f
51	51	t
115	25	f
74	38	f
151	23	f
87	14	f
104	44	f
113	9	f
83	32	f
76	5	f
36	25	f
96	42	f
147	32	f
8	14	f
34	9	f
37	38	f
126	20	f
62	11	f
143	50	f
72	14	f
50	48	f
9	27	f
98	9	f
78	50	f
122	29	f
148	24	f
151	53	f
87	44	f
80	17	f
5	8	f
89	20	f
66	32	f
142	38	f
76	35	f
19	25	f
95	31	f
61	9	f
115	6	f
8	44	f
74	19	f
91	49	f
17	9	f
126	50	f
7	53	f
55	14	f
46	8	f
72	44	f
130	20	f
51	32	f
36	6	f
137	10	f
26	50	f
147	13	f
127	54	f
70	44	f
150	20	f
5	38	f
24	34	f
108	8	f
78	31	f
44	9	f
143	22	f
104	26	f
31	24	f
63	5	f
50	20	f
57	19	f
122	10	f
134	32	f
141	6	f
29	8	f
55	44	f
130	12	f
81	39	f
40	18	f
113	20	f
151	25	f
19	6	f
18	15	f
35	45	f
149	9	f
150	50	f
7	34	f
108	38	f
18	44	f
98	20	f
61	31	f
134	33	f
31	54	f
56	8	f
33	20	f
50	50	f
59	15	f
124	6	f
150	1	f
80	28	f
125	19	f
151	55	f
21	2	f
6	51	f
31	5	f
79	53	f
8	17	f
149	39	f
34	12	f
143	53	f
102	32	f
128	27	f
81	20	f
58	32	f
6	52	t
80	29	f
53	9	f
16	20	f
33	50	f
40	49	f
107	6	f
150	31	f
82	24	f
76	38	f
108	19	f
61	12	f
121	29	f
149	31	f
115	9	f
85	32	f
151	7	f
104	28	f
70	6	f
111	27	f
130	23	f
64	20	f
148	7	f
36	9	f
53	39	f
16	50	f
137	13	f
6	32	f
90	6	f
143	34	f
105	20	f
78	34	f
31	27	f
63	8	f
1	50	f
33	31	f
68	32	f
141	9	f
151	37	f
97	31	f
47	20	f
130	53	f
76	19	f
53	31	f
19	9	f
82	55	f
121	10	f
149	12	f
8	28	f
109	32	f
126	34	f
88	20	f
139	10	f
16	31	f
124	9	f
80	31	f
23	21	f
105	1	f
78	15	f
6	54	f
31	8	f
104	10	f
115	20	f
1	31	f
37	44	f
92	32	f
27	26	f
55	28	f
87	9	f
98	53	f
141	40	f
151	9	f
53	12	f
6	5	f
107	9	f
35	29	f
150	34	f
77	32	f
7	18	f
62	6	f
126	6	f
87	10	f
31	38	f
50	34	f
70	9	f
148	10	f
135	50	f
36	12	f
107	39	f
8	1	f
133	34	f
60	32	f
45	6	f
55	9	f
87	40	f
33	34	f
40	33	f
27	48	f
151	40	f
124	20	f
12	22	f
66	19	f
108	3	f
35	1	f
131	10	f
137	46	f
38	8	f
8	31	f
91	36	f
34	26	f
145	33	f
104	12	f
139	13	f
9	44	f
57	5	f
81	34	f
101	55	f
135	31	f
16	34	f
96	10	f
122	46	f
124	12	f
107	20	f
84	32	f
60	13	f
79	9	f
86	8	f
114	10	f
39	1	f
95	48	f
61	26	f
38	38	f
149	45	f
74	36	f
1	34	f
59	10	f
151	21	f
87	12	f
40	5	f
64	34	f
53	15	f
79	10	f
6	8	f
96	40	f
90	20	f
34	7	f
103	30	f
62	9	f
72	12	f
125	55	f
18	31	f
32	32	f
105	34	f
115	53	f
42	10	f
113	37	f
106	10	f
148	13	f
79	40	f
6	38	f
18	32	f
32	33	f
73	20	f
143	40	f
27	10	f
45	9	f
128	14	f
55	12	f
15	32	f
134	50	f
64	6	f
59	32	f
25	10	f
150	18	f
80	45	f
20	6	f
106	40	f
83	52	f
49	30	f
131	13	f
109	47	f
36	45	f
8	34	f
57	17	f
128	44	f
130	10	f
83	3	f
100	33	f
63	44	f
135	34	f
47	6	f
6	19	f
25	40	f
79	12	f
86	11	f
102	50	f
61	29	f
4	19	f
110	31	f
115	26	f
40	17	f
68	19	f
85	49	f
111	44	f
12	6	f
113	10	f
130	40	f
83	33	f
137	30	f
147	33	f
18	43	f
34	10	f
37	39	f
60	46	f
39	34	f
135	15	f
112	27	f
122	30	f
148	25	f
151	54	f
94	44	f
113	40	f
89	21	f
100	55	f
76	36	f
131	24	f
90	53	f
17	10	f
34	40	f
111	25	f
64	18	f
63	55	f
131	25	f
49	33	f
44	10	f
73	53	f
112	8	f
74	50	f
65	1	f
94	25	f
40	19	f
100	36	f
101	15	f
120	11	f
35	46	f
90	34	f
103	44	f
105	10	f
21	52	f
142	15	f
40	20	f
57	50	f
95	8	f
85	52	f
64	40	f
49	55	t
109	31	f
36	29	f
79	54	f
34	13	f
143	54	f
86	44	f
105	40	f
44	32	f
58	33	f
125	15	f
40	50	f
122	33	f
6	3	f
25	24	f
12	39	f
150	32	f
89	24	f
49	44	f
4	3	f
62	54	f
110	15	f
115	10	f
126	54	f
85	33	f
111	28	f
54	18	f
130	24	f
7	11	f
36	10	f
23	50	f
137	14	f
133	32	f
143	35	f
79	26	f
39	18	f
4	33	f
112	11	f
115	40	f
17	43	f
138	6	f
148	9	f
128	50	f
12	20	f
113	24	f
47	21	f
136	31	f
66	17	f
131	8	f
19	10	f
36	40	f
120	14	f
137	44	f
38	6	f
150	54	f
116	32	f
34	24	f
126	35	f
103	47	f
62	26	f
144	34	f
88	21	f
139	11	f
58	44	f
16	32	f
122	44	f
65	34	f
131	9	f
113	54	f
47	51	f
114	8	f
2	10	f
19	40	f
120	44	f
21	6	f
146	39	f
139	12	f
32	50	f
99	32	f
128	31	f
71	21	f
81	24	f
41	44	f
48	34	f
124	40	f
150	35	f
77	33	f
144	15	f
97	8	f
123	3	f
4	6	f
57	34	f
65	15	f
28	26	f
111	31	f
70	10	f
71	51	f
47	32	f
24	44	f
138	8	f
148	11	f
62	8	f
79	38	f
120	25	f
90	10	f
107	40	f
32	31	f
127	15	f
80	8	f
108	53	f
61	46	f
116	34	f
40	34	f
25	8	f
94	31	f
30	32	f
103	9	f
66	20	f
83	50	f
131	11	f
74	1	f
2	21	f
45	8	f
56	18	f
8	32	f
15	31	f
43	33	f
34	27	f
35	6	f
88	24	f
105	54	f
71	32	f
64	5	f
139	14	f
99	34	f
135	32	f
112	44	f
23	34	f
60	14	f
86	9	f
104	8	f
66	50	f
105	5	f
140	6	f
38	39	f
4	17	f
115	24	f
75	44	f
68	17	f
113	8	f
136	15	f
64	35	f
139	44	f
66	1	f
51	50	f
118	32	f
33	11	f
150	38	f
103	31	f
62	10	f
69	9	f
49	50	f
15	3	f
22	2	f
39	32	f
99	15	f
21	39	f
142	2	f
93	29	f
112	25	f
115	54	f
65	18	f
91	13	f
94	42	f
119	15	f
23	6	f
113	38	f
66	31	f
101	32	f
19	24	f
73	21	f
32	34	f
43	44	f
141	19	f
45	10	f
52	9	f
62	40	f
15	33	f
22	32	f
4	39	f
142	32	f
118	13	f
121	20	f
84	44	f
150	19	f
27	6	f
49	31	f
148	44	f
36	46	f
21	20	f
15	34	f
73	51	f
75	17	f
92	47	f
26	44	f
28	10	f
52	39	f
54	5	f
39	54	f
5	32	f
58	50	f
24	28	f
125	32	f
120	9	f
67	44	f
150	49	f
86	12	f
46	32	f
39	5	f
4	20	f
21	50	f
76	10	f
110	32	f
151	19	f
95	6	f
75	47	f
85	50	f
28	40	f
47	8	f
41	50	f
7	28	f
83	34	f
91	15	f
137	31	f
117	10	f
107	54	f
15	15	f
73	32	f
50	44	f
26	25	f
105	38	f
58	31	f
24	9	f
4	50	f
52	11	f
93	32	f
112	28	f
78	6	f
68	50	f
113	41	f
66	34	f
120	31	f
45	22	f
4	1	f
27	8	f
56	32	f
33	44	f
109	50	f
75	28	f
71	8	f
88	38	f
54	16	f
41	31	f
7	9	f
108	13	f
35	11	f
95	28	f
61	6	f
23	48	f
138	53	f
42	44	f
67	17	f
144	2	f
127	10	f
49	34	f
9	54	f
140	20	f
112	9	f
92	50	f
147	10	f
24	31	f
9	5	f
19	8	f
120	12	f
121	53	f
25	44	f
1	44	f
77	50	f
141	3	f
144	32	f
151	31	f
123	20	f
140	50	f
4	23	f
95	9	f
65	32	f
149	6	f
23	20	f
145	24	f
49	15	f
2	8	f
117	13	f
51	10	f
79	55	f
56	5	f
75	1	f
60	50	f
92	31	f
127	32	f
39	38	f
97	55	f
106	20	f
112	31	f
78	9	f
48	32	f
67	28	f
102	29	f
27	20	f
144	13	f
121	25	f
97	6	f
151	3	f
53	6	f
56	35	f
43	50	f
75	31	f
82	30	f
54	19	f
119	10	f
41	34	f
7	12	f
72	3	f
125	46	f
78	39	f
31	32	f
50	28	f
133	33	f
60	31	f
3	21	f
146	9	f
80	6	f
39	19	f
106	1	f
4	34	f
112	12	f
17	44	f
65	5	f
28	54	f
94	29	f
1	6	f
136	32	f
47	22	f
102	10	f
143	31	f
121	6	f
9	8	f
137	45	f
146	10	f
56	16	f
99	3	f
43	31	f
59	23	f
62	27	f
39	49	f
140	53	f
48	55	t
93	46	f
52	25	f
23	32	f
5	18	f
78	20	f
65	35	f
31	13	f
148	40	f
84	31	f
50	9	f
91	30	f
119	32	f
104	6	f
66	48	f
114	9	f
120	45	f
63	35	f
92	34	f
26	31	f
71	22	f
5	19	f
47	3	f
24	15	f
82	32	f
108	27	f
35	25	f
131	40	f
67	31	f
33	9	f
134	13	f
20	24	f
87	6	f
97	9	f
113	1	f
140	34	f
75	34	f
82	33	f
96	34	f
147	24	f
119	13	f
138	9	f
72	6	f
9	19	f
101	30	f
143	33	f
114	40	f
50	31	f
16	9	f
42	4	f
141	17	f
80	9	f
71	3	f
123	34	f
76	27	f
149	20	f
1	9	f
64	55	f
30	33	f
121	9	f
55	6	f
128	8	f
9	11	f
91	32	f
97	40	f
56	19	f
124	17	f
28	8	f
77	10	f
80	39	f
96	6	f
106	34	f
125	30	f
119	44	f
31	16	f
48	46	f
91	33	f
86	10	f
104	9	f
121	39	f
92	46	f
74	32	f
151	17	f
146	43	f
53	20	f
26	34	f
22	52	f
143	15	f
79	6	f
89	34	f
142	52	f
33	12	f
151	18	f
69	10	f
46	22	f
80	20	f
130	34	f
2	44	f
28	39	f
36	20	f
112	26	f
65	19	f
8	9	f
91	14	f
37	33	f
24	48	f
72	9	f
101	33	f
120	29	f
63	19	f
122	24	f
26	15	f
127	19	f
141	20	f
52	10	f
151	48	f
80	12	f
12	30	f
5	3	f
97	42	f
89	15	f
142	33	f
108	11	f
35	9	f
95	26	f
65	49	f
149	23	f
115	1	f
91	44	f
20	8	f
46	3	f
49	32	f
104	20	f
98	34	f
130	15	f
51	27	f
83	8	f
63	49	f
96	18	f
26	45	f
147	8	f
35	10	f
52	40	f
141	50	f
54	6	f
39	55	f
5	33	f
125	33	f
18	9	f
143	17	f
141	51	t
31	19	f
149	53	f
74	44	f
122	5	f
102	46	f
3	8	f
55	39	f
46	33	f
87	20	f
40	13	f
100	30	f
151	20	f
75	48	f
147	38	f
124	50	f
35	40	f
37	6	f
72	20	f
20	39	f
126	17	f
117	11	f
51	8	f
63	30	f
57	44	f
133	50	f
124	1	f
141	31	f
29	33	f
106	18	f
4	51	f
151	50	f
78	7	f
72	21	f
8	12	f
149	34	f
143	48	f
55	20	f
101	36	f
127	31	f
27	9	f
151	1	f
116	50	f
59	40	f
107	1	f
12	33	f
54	17	f
80	53	f
123	40	f
96	20	f
7	10	f
108	14	f
125	44	f
20	20	f
121	24	f
48	22	f
74	17	f
91	47	f
151	2	f
145	44	f
29	14	f
57	16	f
27	39	f
80	54	f
53	34	f
99	50	f
147	11	f
141	53	f
143	29	f
24	32	f
79	20	f
105	15	f
9	6	f
108	44	f
3	20	f
20	50	f
58	8	f
115	34	f
74	47	f
122	8	f
68	27	f
27	40	f
144	33	f
151	32	f
12	55	t
113	18	f
93	44	f
95	10	f
82	50	f
149	7	f
54	39	f
34	18	f
30	20	f
85	8	f
62	20	f
7	32	f
126	29	f
145	25	f
101	47	f
3	50	f
117	14	f
104	54	f
63	33	f
146	38	f
99	31	f
42	21	f
141	34	f
52	24	f
80	26	f
71	20	f
5	17	f
123	51	f
125	17	f
76	44	f
78	10	f
95	40	f
143	1	f
104	5	f
48	33	f
115	15	f
74	28	f
102	30	f
68	8	f
30	50	f
134	11	f
128	25	f
145	55	f
72	53	f
117	44	f
151	4	f
82	31	f
124	34	f
35	24	f
150	29	f
54	20	f
103	22	f
7	13	f
62	1	f
108	17	f
145	6	f
61	10	f
78	40	f
126	1	f
65	55	f
31	33	f
91	50	f
57	28	f
122	19	f
3	22	f
27	51	f
55	53	f
100	44	f
151	34	f
110	47	f
147	14	f
107	34	f
32	25	f
35	54	f
37	20	f
54	50	f
136	33	f
143	32	f
128	6	f
105	18	f
118	50	f
61	40	f
126	31	f
63	6	f
151	35	f
124	15	f
77	8	f
106	32	f
83	44	f
76	17	f
93	47	f
147	44	f
31	14	f
91	31	f
37	50	f
111	6	f
55	34	f
139	8	f
101	50	f
96	5	f
133	10	f
5	20	f
22	50	f
60	8	f
89	32	f
66	44	f
142	50	f
76	47	f
38	33	f
149	40	f
115	18	f
74	31	f
33	10	f
102	33	f
134	14	f
151	16	f
87	7	f
94	6	f
98	51	f
130	32	f
51	44	f
53	10	f
36	18	f
82	34	f
96	35	f
147	25	f
5	50	f
119	14	f
106	54	f
79	34	f
145	9	f
125	50	f
101	31	f
44	21	f
104	38	f
63	17	f
57	31	f
16	10	f
122	22	f
134	44	f
127	17	f
27	54	f
52	8	f
29	20	f
46	50	f
80	10	f
5	1	f
84	8	f
40	30	f
106	5	f
113	32	f
100	47	f
148	8	f
76	28	f
53	40	f
6	33	f
1	10	f
54	53	f
17	2	f
128	9	f
145	39	f
108	50	f
98	32	f
44	51	f
111	8	f
33	32	f
82	15	f
64	1	f
25	5	f
124	18	f
35	8	f
29	50	f
80	40	f
130	54	f
150	13	f
103	6	f
106	35	f
93	50	f
125	31	f
148	38	f
31	17	f
102	44	f
3	6	f
111	9	f
121	40	f
81	32	f
113	13	f
66	6	f
94	8	f
82	45	f
107	18	f
35	38	f
12	50	f
60	11	f
143	16	f
103	36	f
76	50	f
108	31	f
126	15	f
33	13	f
40	12	f
34	54	f
59	8	f
85	44	f
104	40	f
29	31	f
113	5	f
98	54	f
64	32	f
117	50	f
93	31	f
137	25	f
6	44	f
8	10	f
15	9	f
34	5	f
37	34	f
143	46	f
105	32	f
61	54	f
17	4	f
63	20	f
135	10	f
122	25	f
68	44	f
59	38	f
144	50	f
148	20	f
151	49	f
12	31	f
113	35	f
100	50	f
66	28	f
76	31	f
150	15	f
61	5	f
137	55	f
8	40	f
109	44	f
126	46	f
55	10	f
72	40	f
111	20	f
88	32	f
117	31	f
51	28	f
83	9	f
63	50	f
118	10	f
16	43	f
96	19	f
122	55	f
137	6	f
127	50	f
147	9	f
148	50	f
150	16	f
5	34	f
18	10	f
105	13	f
58	6	f
143	18	f
63	1	f
48	50	f
149	54	f
57	15	f
115	32	f
92	44	f
122	6	f
102	47	f
141	2	f
55	40	f
46	34	f
94	20	f
40	14	f
100	31	f
66	9	f
53	24	f
120	6	f
6	17	f
96	49	f
131	50	f
150	46	f
77	44	f
109	25	f
89	38	f
62	18	f
108	34	f
61	27	f
41	6	f
126	18	f
51	9	f
142	10	f
31	50	f
40	15	f
70	21	f
29	34	f
130	38	f
30	13	f
40	44	f
106	19	f
83	31	f
49	9	f
113	46	f
151	51	f
36	24	f
79	49	f
38	28	f
31	1	f
8	13	f
34	8	f
60	44	f
92	25	f
58	28	f
24	6	f
40	45	f
151	52	f
25	19	f
124	32	f
35	22	f
12	34	f
70	51	f
23	44	f
103	20	f
108	15	f
131	22	f
36	54	f
61	8	f
38	20	f
115	5	f
34	38	f
145	45	f
51	31	f
80	55	f
36	5	f
137	9	f
6	28	f
148	53	f
107	32	f
92	6	f
86	20	f
114	22	f
32	14	f
39	13	f
58	9	f
38	50	f
4	28	f
121	55	f
112	6	f
74	48	f
122	9	f
134	31	f
68	28	f
151	33	f
12	15	f
113	19	f
64	46	f
36	35	f
137	39	f
90	32	f
18	52	f
75	6	f
34	19	f
119	31	f
126	30	f
69	20	f
139	6	f
32	44	f
41	9	f
3	51	f
58	39	f
31	53	f
63	34	f
135	24	f
57	48	f
87	54	f
60	6	f
113	49	f
114	3	f
120	39	f
6	50	f
4	9	f
38	31	f
149	38	f
102	31	f
68	9	f
45	21	f
128	26	f
15	44	f
41	39	f
137	20	f
96	33	f
107	5	f
124	35	f
90	13	f
131	34	f
150	30	f
43	6	f
144	10	f
21	31	f
31	34	f
85	31	f
45	51	f
111	26	f
55	54	f
84	6	f
64	19	f
100	45	f
148	6	f
36	8	f
120	20	f
79	33	f
6	31	f
107	35	f
73	13	f
35	55	f
26	6	f
128	7	f
55	5	f
105	19	f
146	6	f
41	20	f
4	31	f
126	32	f
115	38	f
40	29	f
68	31	f
67	6	f
150	11	f
77	9	f
113	22	f
64	49	f
23	28	f
131	6	f
36	38	f
96	55	f
75	9	f
86	53	f
45	32	f
111	7	f
139	9	f
39	46	f
25	33	f
18	6	f
50	6	f
60	9	f
143	14	f
103	34	f
114	6	f
38	34	f
45	33	f
110	24	f
115	19	f
134	15	f
87	8	f
136	10	f
40	1	f
64	30	f
36	19	f
25	25	f
150	33	f
77	31	f
43	9	f
116	11	f
62	5	f
86	34	f
140	31	f
44	22	f
58	23	f
21	34	f
93	24	f
112	20	f
17	52	f
42	6	f
151	47	f
84	9	f
113	33	f
40	31	f
66	26	f
6	34	f
38	15	f
25	55	f
99	11	f
26	9	f
126	44	f
144	43	f
62	35	f
69	34	f
139	20	f
51	26	f
95	20	f
25	6	f
124	19	f
67	9	f
150	14	f
23	31	f
148	39	f
140	12	f
120	53	f
86	6	f
112	1	f
92	42	f
26	39	f
17	33	f
111	10	f
128	40	f
81	33	f
94	9	f
6	15	f
107	19	f
32	10	f
60	12	f
113	55	f
43	20	f
150	44	f
20	32	f
86	7	f
89	36	f
103	37	f
97	17	f
116	13	f
69	6	f
68	15	f
94	10	f
111	40	f
64	33	f
30	11	f
36	22	f
120	34	f
15	10	f
18	39	f
32	40	f
116	14	f
133	44	f
26	20	f
146	20	f
39	30	f
99	13	f
70	20	f
52	6	f
87	50	f
125	8	f
59	39	f
94	40	f
12	32	f
67	20	f
47	33	f
20	13	f
131	20	f
90	49	f
15	40	f
116	44	f
17	6	f
54	11	f
70	50	f
118	11	f
112	53	f
16	44	f
42	39	f
65	46	f
49	29	f
114	20	f
39	11	f
2	22	f
110	38	f
68	26	f
94	21	f
71	33	f
113	17	f
139	53	f
24	26	f
66	10	f
135	33	f
96	50	f
25	39	f
90	30	f
62	19	f
97	20	f
114	50	f
123	15	f
4	18	f
76	8	f
112	34	f
70	22	f
30	14	f
47	44	f
138	20	f
49	10	f
148	23	f
2	3	f
79	50	f
86	40	f
128	24	f
39	33	f
88	44	f
87	53	f
40	46	f
95	34	f
68	48	f
25	20	f
1	20	f
30	44	f
103	21	f
131	23	f
97	1	f
36	55	f
2	33	f
62	50	f
75	26	f
82	25	f
28	19	f
35	18	f
111	24	f
88	36	f
54	14	f
71	44	f
64	17	f
118	14	f
135	44	f
73	11	f
127	8	f
89	50	f
146	4	f
80	1	f
39	14	f
105	17	f
131	53	f
58	10	f
45	50	f
112	7	f
17	39	f
94	24	f
111	54	f
54	44	f
67	54	f
118	44	f
120	10	f
137	40	f
73	3	f
90	33	f
34	20	f
69	21	f
146	34	f
139	7	f
39	44	f
41	10	f
58	40	f
52	20	f
23	27	f
122	40	f
138	32	f
65	30	f
94	54	f
113	50	f
104	1	f
9	33	f
2	6	f
101	44	f
120	40	f
38	32	f
73	33	f
92	29	f
17	20	f
69	51	f
94	5	f
88	47	f
22	44	f
136	8	f
24	10	f
142	44	f
121	32	f
90	14	f
67	26	f
134	8	f
144	11	f
114	34	f
62	53	f
21	32	f
112	18	f
17	50	f
5	44	f
81	50	f
47	28	f
136	38	f
24	40	f
9	14	f
101	25	f
73	14	f
50	26	f
16	4	f
60	29	f
133	31	f
141	12	f
45	3	f
69	32	f
103	54	f
46	44	f
39	17	f
97	34	f
4	32	f
110	44	f
149	15	f
64	50	f
7	40	f
55	1	f
131	7	f
138	34	f
62	34	f
90	36	f
73	44	f
116	31	f
75	10	f
82	9	f
28	3	f
52	32	f
86	54	f
29	44	f
80	34	f
105	50	f
96	1	f
24	21	f
67	8	f
125	25	f
101	6	f
112	40	f
65	33	f
31	11	f
107	17	f
60	10	f
47	50	f
121	34	f
19	39	f
74	27	f
123	10	f
45	34	f
151	12	f
110	25	f
56	44	f
34	53	f
35	32	f
88	50	f
54	28	f
139	40	f
64	31	f
143	10	f
108	25	f
67	38	f
61	18	f
20	31	f
137	24	f
33	7	f
116	12	f
43	10	f
144	14	f
49	46	f
104	34	f
29	25	f
80	15	f
140	32	f
93	25	f
125	6	f
115	50	f
84	10	f
91	9	f
71	50	f
37	28	f
119	11	f
47	31	f
66	27	f
121	15	f
9	17	f
19	20	f
74	8	f
120	24	f
90	47	f
99	12	f
26	10	f
141	15	f
144	44	f
151	43	f
88	31	f
123	32	f
108	6	f
118	9	f
65	44	f
67	10	f
74	9	f
84	40	f
91	39	f
30	31	f
72	34	f
29	6	f
2	20	f
140	13	f
93	6	f
56	17	f
26	40	f
127	44	f
28	6	f
54	1	f
39	50	f
5	28	f
37	9	f
71	31	f
18	4	f
101	9	f
143	12	f
121	46	f
48	44	f
50	10	f
67	40	f
3	3	f
27	32	f
46	28	f
97	18	f
2	50	f
100	25	f
151	15	f
142	9	f
76	6	f
\.


--
-- TOC entry 5062 (class 0 OID 16566)
-- Dependencies: 225
-- Data for Name: gen1_tms; Type: TABLE DATA; Schema: public; Owner: postgres
--

COPY public.gen1_tms (tm_id, tm_name, move_fk) FROM stdin;
1	TM01	82
2	TM02	103
3	TM03	143
4	TM04	162
5	TM05	81
6	TM06	154
7	TM07	62
8	TM08	13
9	TM09	146
10	TM10	34
11	TM11	17
12	TM12	160
13	TM13	67
14	TM14	12
15	TM15	64
16	TM16	89
17	TM17	137
18	TM18	24
19	TM19	114
20	TM20	101
21	TM21	80
22	TM22	127
23	TM23	35
24	TM24	153
25	TM25	149
26	TM26	38
27	TM27	45
28	TM28	28
29	TM29	98
30	TM30	147
31	TM31	84
32	TM32	33
33	TM33	105
34	TM34	9
35	TM35	83
36	TM36	115
37	TM37	39
38	TM38	42
39	TM39	142
40	TM40	118
41	TM41	126
42	TM42	36
43	TM43	119
44	TM44	106
45	TM45	152
46	TM46	99
47	TM47	41
48	TM48	108
49	TM49	156
50	TM50	138
51	HM01	26
52	HM02	48
53	HM03	141
54	HM04	133
55	HM05	47
\.


--
-- TOC entry 5057 (class 0 OID 16390)
-- Dependencies: 220
-- Data for Name: pokemon; Type: TABLE DATA; Schema: public; Owner: postgres
--

COPY public.pokemon (id, name, type1, type2, hp, attack, defense, special, speed) FROM stdin;
1	Bulbasaur	Grass	Poison	45	49	49	65	45
2	Ivysaur	Grass	Poison	60	62	63	80	60
3	Venusaur	Grass	Poison	80	82	83	100	80
4	Charmander	Fire	\N	39	52	43	50	65
5	Charmeleon	Fire	\N	58	64	58	65	80
6	Charizard	Fire	Flying	78	84	78	85	100
7	Squirtle	Water	\N	44	48	65	50	43
8	Wartortle	Water	\N	59	63	80	65	58
9	Blastoise	Water	\N	79	83	100	85	78
10	Caterpie	Bug	\N	45	30	35	20	45
11	Metapod	Bug	\N	50	20	55	25	30
12	Butterfree	Bug	Flying	60	45	50	80	70
13	Weedle	Bug	Poison	40	35	30	20	50
14	Kakuna	Bug	Poison	45	25	50	25	35
15	Beedrill	Bug	Poison	65	90	40	45	75
16	Pidgey	Normal	Flying	40	45	40	35	56
17	Pidgeotto	Normal	Flying	63	60	55	50	71
18	Pidgeot	Normal	Flying	83	80	75	70	101
19	Rattata	Normal	\N	30	56	35	25	72
20	Raticate	Normal	\N	55	81	60	50	97
21	Spearow	Normal	Flying	40	60	30	31	70
22	Fearow	Normal	Flying	65	90	65	61	100
23	Ekans	Poison	\N	35	60	44	40	55
24	Arbok	Poison	\N	60	85	69	65	80
25	Pikachu	Electric	\N	35	55	40	50	90
26	Raichu	Electric	\N	60	90	55	90	100
27	Sandshrew	Ground	\N	50	75	85	30	40
28	Sandslash	Ground	\N	75	100	110	55	65
29	Nidoran	Poison	\N	55	47	52	40	41
30	Nidorina	Poison	\N	70	62	67	55	56
31	Nidoqueen	Poison	Ground	90	82	87	75	76
32	Nidoran	Poison	\N	46	57	40	40	50
33	Nidorino	Poison	\N	61	72	57	55	65
34	Nidoking	Poison	Ground	81	92	77	75	85
35	Clefairy	Normal	\N	70	45	48	60	35
36	Clefable	Normal	\N	95	70	73	85	60
37	Vulpix	Fire	\N	38	41	40	50	65
38	Ninetales	Fire	\N	73	76	75	100	100
39	Jigglypuff	Normal	\N	115	45	20	25	20
40	Wigglytuff	Normal	\N	140	70	45	50	45
41	Zubat	Poison	Flying	40	45	35	30	55
42	Golbat	Poison	Flying	75	80	70	65	90
43	Oddish	Grass	Poison	45	50	55	75	30
44	Gloom	Grass	Poison	60	65	70	85	40
45	Vileplume	Grass	Poison	75	80	85	100	50
46	Paras	Bug	Grass	35	70	55	45	25
47	Parasect	Bug	Grass	60	95	80	60	30
48	Venonat	Bug	Poison	60	55	50	40	45
49	Venomoth	Bug	Poison	70	65	60	90	90
50	Diglett	Ground	\N	10	55	25	45	95
51	Dugtrio	Ground	\N	35	80	50	70	120
52	Meowth	Normal	\N	40	45	35	40	90
53	Persian	Normal	\N	65	70	60	65	115
54	Psyduck	Water	\N	50	52	48	50	55
55	Golduck	Water	\N	80	82	78	80	85
56	Mankey	Fighting	\N	40	80	35	35	70
57	Primeape	Fighting	\N	65	105	60	60	95
58	Growlithe	Fire	\N	55	70	45	50	60
59	Arcanine	Fire	\N	90	110	80	80	95
60	Poliwag	Water	\N	40	50	40	40	90
61	Poliwhirl	Water	\N	65	65	65	50	90
62	Poliwrath	Water	Fighting	90	95	95	70	70
63	Abra	Psychic	\N	25	20	15	105	90
64	Kadabra	Psychic	\N	40	35	30	120	105
65	Alakazam	Psychic	\N	55	50	45	135	120
66	Machop	Fighting	\N	70	80	50	35	35
67	Machoke	Fighting	\N	80	100	70	50	45
68	Machamp	Fighting	\N	90	130	80	65	55
69	Bellsprout	Grass	Poison	50	75	35	70	40
70	Weepinbell	Grass	Poison	65	90	50	85	55
71	Victreebel	Grass	Poison	80	105	65	100	70
72	Tentacool	Water	Poison	40	40	35	50	70
73	Tentacruel	Water	Poison	80	70	65	80	100
74	Geodude	Rock	Ground	40	80	100	30	20
75	Graveler	Rock	Ground	55	95	115	45	35
76	Golem	Rock	Ground	80	120	130	55	45
77	Ponyta	Fire	\N	50	85	55	65	90
78	Rapidash	Fire	\N	65	100	70	80	105
79	Slowpoke	Water	Psychic	90	65	65	40	15
80	Slowbro	Water	Psychic	95	75	110	80	30
81	Magnemite	Electric	Steel	25	35	70	95	45
82	Magneton	Electric	Steel	50	60	95	120	70
83	Farfetch'd	Normal	Flying	52	65	55	58	60
84	Doduo	Normal	Flying	35	85	45	35	75
85	Dodrio	Normal	Flying	60	110	70	60	100
86	Seel	Water	\N	65	45	55	45	45
87	Dewgong	Water	Ice	90	70	80	70	70
88	Grimer	Poison	\N	80	80	50	40	25
89	Muk	Poison	\N	105	105	75	65	50
90	Shellder	Water	\N	30	65	100	45	40
91	Cloyster	Water	Ice	50	95	180	70	70
92	Gastly	Ghost	Poison	30	35	30	100	80
93	Haunter	Ghost	Poison	45	50	45	115	95
94	Gengar	Ghost	Poison	60	65	60	130	110
95	Onix	Rock	Ground	35	45	160	30	70
96	Drowzee	Psychic	\N	60	48	45	90	42
97	Hypno	Psychic	\N	85	73	70	115	67
98	Krabby	Water	\N	30	105	90	25	50
99	Kingler	Water	\N	55	130	115	50	75
100	Voltorb	Electric	\N	40	30	50	55	100
101	Electrode	Electric	\N	60	50	70	80	150
102	Exeggcute	Grass	Psychic	60	40	80	60	40
103	Exeggutor	Grass	Psychic	95	95	85	125	55
104	Cubone	Ground	\N	50	50	95	40	35
105	Marowak	Ground	\N	60	80	110	50	45
106	Hitmonlee	Fighting	\N	50	120	53	35	87
107	Hitmonchan	Fighting	\N	50	105	79	35	76
108	Lickitung	Normal	\N	90	55	75	60	30
109	Koffing	Poison	\N	40	65	95	60	35
110	Weezing	Poison	\N	65	90	120	85	60
111	Rhyhorn	Ground	Rock	80	85	95	30	25
112	Rhydon	Ground	Rock	105	130	120	45	40
113	Chansey	Normal	\N	250	5	5	105	50
114	Tangela	Grass	\N	65	55	115	100	60
115	Kangaskhan	Normal	\N	105	95	80	40	90
116	Horsea	Water	\N	30	40	70	70	60
117	Seadra	Water	\N	55	65	95	95	85
118	Goldeen	Water	\N	45	67	60	50	63
119	Seaking	Water	\N	80	92	65	80	68
120	Staryu	Water	\N	30	45	55	70	85
121	Starmie	Water	Psychic	60	75	85	100	115
122	Mr. Mime	Psychic	Fairy	40	45	65	100	90
123	Scyther	Bug	Flying	70	110	80	55	105
124	Jynx	Ice	Psychic	65	50	35	95	95
125	Electabuzz	Electric	\N	65	83	57	95	105
126	Magmar	Fire	\N	65	95	57	100	93
127	Pinsir	Bug	\N	65	125	100	55	85
128	Tauros	Normal	\N	75	100	95	40	110
129	Magikarp	Water	\N	20	10	55	20	80
130	Gyarados	Water	Flying	95	125	79	60	81
131	Lapras	Water	Ice	130	85	80	95	60
132	Ditto	Normal	\N	48	48	48	48	48
133	Eevee	Normal	\N	55	55	50	45	55
134	Vaporeon	Water	\N	130	65	60	110	65
135	Jolteon	Electric	\N	65	65	60	110	130
136	Flareon	Fire	\N	65	130	60	95	65
137	Porygon	Normal	\N	65	60	70	85	40
138	Omanyte	Rock	Water	35	40	100	90	35
139	Omastar	Rock	Water	70	60	125	115	55
140	Kabuto	Rock	Water	30	80	90	55	55
141	Kabutops	Rock	Water	60	115	105	70	80
142	Aerodactyl	Rock	Flying	80	105	65	60	130
143	Snorlax	Normal	\N	160	110	65	65	30
144	Articuno	Ice	Flying	90	85	100	125	85
145	Zapdos	Electric	Flying	90	90	85	125	100
146	Moltres	Fire	Flying	90	100	90	125	90
147	Dratini	Dragon	\N	41	64	45	50	50
148	Dragonair	Dragon	\N	61	84	65	70	70
149	Dragonite	Dragon	Flying	91	134	95	100	80
150	Mewtwo	Psychic	\N	106	110	90	154	130
151	Mew	Psychic	\N	100	100	100	100	100
\.


--
-- TOC entry 5076 (class 0 OID 0)
-- Dependencies: 230
-- Name: gen1_encounter_table_encounter_id_seq; Type: SEQUENCE SET; Schema: public; Owner: postgres
--

SELECT pg_catalog.setval('public.gen1_encounter_table_encounter_id_seq', 893, true);


--
-- TOC entry 5077 (class 0 OID 0)
-- Dependencies: 221
-- Name: gen1_moves_id_seq; Type: SEQUENCE SET; Schema: public; Owner: postgres
--

SELECT pg_catalog.setval('public.gen1_moves_id_seq', 165, true);


--
-- TOC entry 5078 (class 0 OID 0)
-- Dependencies: 227
-- Name: gen1_places_location_id_seq; Type: SEQUENCE SET; Schema: public; Owner: postgres
--

SELECT pg_catalog.setval('public.gen1_places_location_id_seq', 52, true);


--
-- TOC entry 5079 (class 0 OID 0)
-- Dependencies: 224
-- Name: gen1_tms_tm_id_seq; Type: SEQUENCE SET; Schema: public; Owner: postgres
--

SELECT pg_catalog.setval('public.gen1_tms_tm_id_seq', 56, true);


--
-- TOC entry 5080 (class 0 OID 0)
-- Dependencies: 219
-- Name: pokemon_id_seq; Type: SEQUENCE SET; Schema: public; Owner: postgres
--

SELECT pg_catalog.setval('public.pokemon_id_seq', 151, true);


--
-- TOC entry 4900 (class 2606 OID 16684)
-- Name: gen1_encounter_table gen1_encounter_table_pkey; Type: CONSTRAINT; Schema: public; Owner: postgres
--

ALTER TABLE ONLY public.gen1_encounter_table
    ADD CONSTRAINT gen1_encounter_table_pkey PRIMARY KEY (encounter_id);


--
-- TOC entry 4892 (class 2606 OID 16603)
-- Name: gen1_learnset gen1_learnset_pkey; Type: CONSTRAINT; Schema: public; Owner: postgres
--

ALTER TABLE ONLY public.gen1_learnset
    ADD CONSTRAINT gen1_learnset_pkey PRIMARY KEY (pokemon_id, move_id, level_learned, is_yellow_only);


--
-- TOC entry 4890 (class 2606 OID 16517)
-- Name: gen1_moves gen1_moves_pkey; Type: CONSTRAINT; Schema: public; Owner: postgres
--

ALTER TABLE ONLY public.gen1_moves
    ADD CONSTRAINT gen1_moves_pkey PRIMARY KEY (id);


--
-- TOC entry 4898 (class 2606 OID 16635)
-- Name: gen1_places gen1_places_pkey; Type: CONSTRAINT; Schema: public; Owner: postgres
--

ALTER TABLE ONLY public.gen1_places
    ADD CONSTRAINT gen1_places_pkey PRIMARY KEY (location_id);


--
-- TOC entry 4896 (class 2606 OID 16588)
-- Name: gen1_tm_learnsets gen1_tm_learnsets_pkey; Type: CONSTRAINT; Schema: public; Owner: postgres
--

ALTER TABLE ONLY public.gen1_tm_learnsets
    ADD CONSTRAINT gen1_tm_learnsets_pkey PRIMARY KEY (pokemon_id, tm_id);


--
-- TOC entry 4894 (class 2606 OID 16574)
-- Name: gen1_tms gen1_tms_pkey; Type: CONSTRAINT; Schema: public; Owner: postgres
--

ALTER TABLE ONLY public.gen1_tms
    ADD CONSTRAINT gen1_tms_pkey PRIMARY KEY (tm_id);


--
-- TOC entry 4888 (class 2606 OID 16406)
-- Name: pokemon pokemon_pkey; Type: CONSTRAINT; Schema: public; Owner: postgres
--

ALTER TABLE ONLY public.pokemon
    ADD CONSTRAINT pokemon_pkey PRIMARY KEY (id);


--
-- TOC entry 4904 (class 2606 OID 16576)
-- Name: gen1_tms fk_pokemon_move; Type: FK CONSTRAINT; Schema: public; Owner: postgres
--

ALTER TABLE ONLY public.gen1_tms
    ADD CONSTRAINT fk_pokemon_move FOREIGN KEY (move_fk) REFERENCES public.gen1_moves(id) NOT VALID;


--
-- TOC entry 4901 (class 2606 OID 16524)
-- Name: gen1_learnset gen1_learnset_move_fk; Type: FK CONSTRAINT; Schema: public; Owner: postgres
--

ALTER TABLE ONLY public.gen1_learnset
    ADD CONSTRAINT gen1_learnset_move_fk FOREIGN KEY (move_id) REFERENCES public.gen1_moves(id);


--
-- TOC entry 4902 (class 2606 OID 16519)
-- Name: gen1_learnset gen1_learnset_move_id_fkey; Type: FK CONSTRAINT; Schema: public; Owner: postgres
--

ALTER TABLE ONLY public.gen1_learnset
    ADD CONSTRAINT gen1_learnset_move_id_fkey FOREIGN KEY (move_id) REFERENCES public.gen1_moves(id) ON DELETE CASCADE;


--
-- TOC entry 4903 (class 2606 OID 16482)
-- Name: gen1_learnset gen1_learnset_pokemon_id_fkey; Type: FK CONSTRAINT; Schema: public; Owner: postgres
--

ALTER TABLE ONLY public.gen1_learnset
    ADD CONSTRAINT gen1_learnset_pokemon_id_fkey FOREIGN KEY (pokemon_id) REFERENCES public.pokemon(id) ON DELETE CASCADE;


--
-- TOC entry 4907 (class 2606 OID 16685)
-- Name: gen1_encounter_table location_fk; Type: FK CONSTRAINT; Schema: public; Owner: postgres
--

ALTER TABLE ONLY public.gen1_encounter_table
    ADD CONSTRAINT location_fk FOREIGN KEY (location_id) REFERENCES public.gen1_places(location_id) NOT VALID;


--
-- TOC entry 4905 (class 2606 OID 16589)
-- Name: gen1_tm_learnsets pokemon_fk; Type: FK CONSTRAINT; Schema: public; Owner: postgres
--

ALTER TABLE ONLY public.gen1_tm_learnsets
    ADD CONSTRAINT pokemon_fk FOREIGN KEY (pokemon_id) REFERENCES public.pokemon(id);


--
-- TOC entry 4908 (class 2606 OID 16690)
-- Name: gen1_encounter_table pokemon_fk; Type: FK CONSTRAINT; Schema: public; Owner: postgres
--

ALTER TABLE ONLY public.gen1_encounter_table
    ADD CONSTRAINT pokemon_fk FOREIGN KEY (pokemon_id) REFERENCES public.pokemon(id) NOT VALID;


--
-- TOC entry 4906 (class 2606 OID 16594)
-- Name: gen1_tm_learnsets tm_fk; Type: FK CONSTRAINT; Schema: public; Owner: postgres
--

ALTER TABLE ONLY public.gen1_tm_learnsets
    ADD CONSTRAINT tm_fk FOREIGN KEY (tm_id) REFERENCES public.gen1_tms(tm_id);


-- Completed on 2026-02-12 21:17:12

--
-- PostgreSQL database dump complete
--

\unrestrict p4WyuuZMaBgZxLoGrksvIjpauyYnw90MbjaTXsiMDQpSR94N7vCJffZnOtOYM5v

